sim_id	seed	popsize	selcoef	mutrate	velocity	profile
7	3313940514	5000.0	0.001	0.00222	0.008580	0.19792241551689663,0.2720293141371726,0.254774525094981,0.14679580083983204,0.08796636672665467,0.028685422915416918,0.009254349130173966,0.002474865026994601,9.582083583283343e-05,1.1197760447910417e-06
0	3470882831	5000.0	0.001	0.00222	0.143428	0.10213213357328535,0.2532228354329134,0.3085739652069586,0.16567230553889223,0.09010885822835434,0.04869726054789042,0.018736692661467706,0.009831393721255749,0.002744011197760448,0.0002727054589082184,7.678464307138573e-06,1.5996800639872026e-07
8	2711656485	5000.0	0.001	0.00222	0.065480	0.12028094381123776,0.2706580283943211,0.2737582083583283,0.18678324335132973,0.09699808038392321,0.03216980603879224,0.0146874625074985,0.004442631473705259,0.00019768046390721857,2.2515496900619877e-05,1.3997200559888023e-06
6	776843292	5000.0	0.001	0.00222	0.211523	0.09431369726054789,0.19780351929614076,0.3132641071785643,0.20159704059188163,0.11105270945810838,0.05051493701259748,0.0219500099980004,0.005790241951609678,0.0032271545690861826,0.0004731453709258148,1.34373125374925e-05
5	2166300697	5000.0	0.001	0.00222	-0.026466	0.18639496100779843,0.2636011597680464,0.20705586882623475,0.1849776044791042,0.09401327734453109,0.04468374325134973,0.015150529894021195,0.002723255348930214,0.0008519496100779844,0.0002847830433913217,0.0001998000399920016,5.286942611477705e-05,1.0077984403119377e-05,1.199760047990402e-07
11	1366714412	5000.0	0.001	0.00222	0.182581	0.12113529294141172,0.24399040191961607,0.2642485102979404,0.21780707858428314,0.10283263347330533,0.035215876824635076,0.011907978404319137,0.002363327334533093,0.0004770245950809838,1.7596480703859228e-05,4.2791441711657665e-06
16	1856325695	5000.0	0.001	0.00222	0.210485	0.1379124175164967,0.31492925414917017,0.2779092981403719,0.15897820435912818,0.07562183563287342,0.0239873625274945,0.0075102579484103175,0.0013225754849030193,0.0016864627074585083,0.00013997200559888023,2.359528094381124e-06
18	528248901	5000.0	0.001	0.00222	0.286464	0.0452626274745051,0.34574029194161165,0.2843066586682663,0.1734135172965407,0.0962363527294541,0.04325854829034193,0.00896880623875225,0.002474265146970606,0.000332373525294941,6.518696260747851e-06,3.9992001599680065e-08
13	2750054447	5000.0	0.001	0.00222	0.048793	0.14382939412117576,0.2611516896620676,0.24500623875224956,0.20475332933413318,0.09631777644471105,0.03684811037792442,0.009520615876824635,0.00243375324935013,0.00013589282143571286,3.1993601279744052e-06
9	63719466	5000.0	0.001	0.00222	0.005749	0.11095148970205959,0.3004605878824235,0.26074317136572683,0.1449772445510898,0.09486690661867626,0.048670985802839434,0.01961143771245751,0.00931117776444711,0.007465586882623475,0.0020695460907818436,0.0007092581483703259,0.00016132773445310937,1.279744051189762e-06
17	493178945	5000.0	0.001	0.00222	-0.034909	0.1390122775444911,0.1845856828634273,0.28968078384323137,0.2014507098580284,0.10102091581683663,0.055521455708858226,0.018715936812637474,0.008691901619676064,0.001223235352929414,9.506098780243951e-05,2.039592081583683e-06
3	571068441	5000.0	0.001	0.00222	0.082857	0.11573045390921816,0.29006950609878024,0.25067898420315937,0.1801382523495301,0.08036192761447711,0.04957712457508498,0.023698140371925615,0.006485662867426515,0.0027005398920215955,0.0004644671065786843,9.446110777844431e-05,3.9992001599680065e-07,7.998400319936013e-08
12	3122182190	5000.0	0.001	0.00222	0.041856	0.22758120375924815,0.3073620475904819,0.21917384523095382,0.13371813637272545,0.06889126174765046,0.02557876424715057,0.015556968606278745,0.0017320535892821436,0.0003616876624675065,4.395120975804839e-05,7.998400319936013e-08
19	24141898	5000.0	0.001	0.00222	0.197006	0.012298380323935213,0.1561620075984803,0.35514161167766445,0.2785983203359328,0.1327984803039392,0.04194781043791242,0.014013997200559888,0.007552729454109178,0.0013638072385522896,0.00012133573285342931,1.5196960607878424e-06
10	3269253163	5000.0	0.001	0.00222	0.230322	0.1377633273345331,0.32662903419316136,0.2575579284143171,0.16207902419516096,0.07315484903019397,0.028129574085182962,0.011023075384923016,0.0031932813437312536,0.0004259548090381924,4.395120975804839e-05
1	4045729808	5000.0	0.001	0.00222	-0.019814	0.17242067586482704,0.25162207558488303,0.2214741051789642,0.184448350329934,0.08625234953009397,0.06059740051989602,0.019912377524495102,0.00287998400319936,0.0003288142371525695,6.374725054989002e-05,1.199760047990402e-07
14	1659273267	5000.0	0.001	0.00222	0.121086	0.12444159168166367,0.2968905018996201,0.2730351129774045,0.16820851829634073,0.09827634473105379,0.02876500699860028,0.008085782843431314,0.001965366926614677,0.00032505498900219955,5.878824235152969e-06,8.398320335932813e-07
15	1894465596	5000.0	0.001	0.00222	0.003736	0.20740079984003199,0.24856592681463707,0.2240855028994201,0.1755878024395121,0.0897246150769846,0.03414725054989002,0.010939732053589283,0.003925294941011797,0.002319256148770246,0.0028613477304539094,0.00042615476904619076,1.6316736652669465e-05
4	2183270426	5000.0	0.001	0.00222	-0.003259	0.23720323935212959,0.2695184963007399,0.21210277944411118,0.1560733853229354,0.08287366526694662,0.029007918416316735,0.007951969606078784,0.004327574485102979,0.0008132373525294941,0.00012553489302139572,2.1995600879824035e-06
2	3955099672	5000.0	0.001	0.00222	0.320310	0.01458376324735053,0.17269022195560887,0.2994490701859628,0.2664839032193561,0.14922991401719657,0.06608946210757849,0.019585282943411317,0.007481343731253749,0.0022991001799640073,0.001930373925214957,0.00017460507898420317,2.0795840831833635e-06,8.798240351929614e-07
23	1483178065	5000.0	0.001	0.00222	0.414774	0.08590657868426314,0.2743894421115777,0.34058504299140174,0.20413209358128373,0.07009130173965207,0.018948130373925214,0.0033540891821635674,0.0024395520895820837,0.00015228954209158167,1.4797040591881624e-06
21	3043977294	5000.0	0.001	0.00222	0.174245	0.13830829834033193,0.24901719656068785,0.2512267946410718,0.19700343931213757,0.10349090181963608,0.041671745650869826,0.010875704859028194,0.0028888222355528894,0.004247110577884423,0.0006633873225354929,1.903619276144771e-05,0.0004339932013597281,0.00015280943811237752,7.598480303939212e-07
28	783573091	5000.0	0.001	0.00222	0.365279	0.02419780043991202,0.22114609078184363,0.3221509698060388,0.24006670665866828,0.12380215956808638,0.04698264347130574,0.01560243951209758,0.004385682863427314,0.0011090181963607278,0.0003432913417316537,0.00021287742451509697,3.199360127974405e-07
27	870815831	5000.0	0.001	0.00222	0.094485	0.11860791841631674,0.2731341331733653,0.28851705658868226,0.19143303339332132,0.08217308538292342,0.025034833033393322,0.011300259948010398,0.008193081383723256,0.001232993401319736,0.00028026394721055787,9.238152369526095e-05,9.598080383923216e-07
26	3182229590	5000.0	0.001	0.00222	0.002869	0.23536592681463708,0.3023655668866227,0.21124035192961407,0.1449376924615077,0.0649127374525095,0.023090501899620076,0.009860347930413918,0.005256308738252349,0.0015157768446310738,0.0012859828034393122,0.00016772645470905818,1.0797840431913617e-06
29	3175839843	5000.0	0.001	0.00222	0.112698	0.16368054389122175,0.235574325134973,0.25804243151369727,0.1836491901619676,0.09095972805438912,0.04486606678664267,0.017527414517096582,0.004197000599880024,0.0014262347530493902,7.674465106978604e-05,3.199360127974405e-07
24	1515094098	5000.0	0.001	0.00222	0.121781	0.1783378924215157,0.24575600879824036,0.24349730053989202,0.17674721055788842,0.09626838632273545,0.04319760047990402,0.01113369326134773,0.002546850629874025,0.0017943211357728454,0.0006819836032793442,3.8712257548490304e-05,3.9992001599680065e-08
30	829888616	5000.0	0.001	0.00222	0.309397	0.09419104179164167,0.25959160167966405,0.26287994401119774,0.20741643671265747,0.10741455708858229,0.042818956208758245,0.014946050789842031,0.008321535692861428,0.0021339332133573285,0.0002769846030793841,8.958208358328334e-06
25	1477630036	5000.0	0.001	0.00222	0.141932	0.15013301339732055,0.29549482103579283,0.24972841431713658,0.16248906218756248,0.08316888622275545,0.04010105978804239,0.012488142371525695,0.0048215156968606275,0.0009762847430513897,0.0004819036192761448,0.00011265746850629874,4.119176164767047e-06,1.199760047990402e-07
32	3884142701	5000.0	0.001	0.00222	-0.143356	0.08072385522895421,0.28955900819836033,0.23468246350729854,0.1958119176164767,0.0996013597280544,0.062071105778844234,0.025211077784443113,0.006818436312737453,0.0043698060387922415,0.0011104179164167166,3.81123775244951e-05,2.439512097580484e-06
20	1785034827	5000.0	0.001	0.00222	0.354209	0.017760447910417917,0.10351685662867427,0.25977236552689464,0.2780663067386523,0.18893905218956208,0.08228150369926014,0.04039116176764647,0.022328294341131774,0.006172885422915417,0.0007283343331333733,4.227154569086183e-05,5.198960207958409e-07
37	20992128	5000.0	0.001	0.00222	0.191632	0.07152021595680864,0.22744515096980603,0.24199860027994402,0.23104803039392122,0.12853377324535092,0.0595126574685063,0.024730453909218155,0.010247950409918017,0.00452257548490302,0.00037084583083383323,6.810637872425515e-05,1.6396720655868826e-06
34	2326806642	5000.0	0.001	0.00222	0.140670	0.12758368326334732,0.2766835032993401,0.28454197160567885,0.17620647870425915,0.08562311537692462,0.03892669466106779,0.008288982203559288,0.001580363927214557,0.00043715256948610276,0.00012073585282943411,7.318536292741451e-06
22	2109821008	5000.0	0.001	0.00222	0.038993	0.10023487302539492,0.26128206358728256,0.2711310937812437,0.19939356128774244,0.10552605478904219,0.04442615476904619,0.014037112577484504,0.0031272145570885824,0.000819876024795041,1.903619276144771e-05,2.959408118376325e-06
33	901453937	5000.0	0.001	0.00222	0.032800	0.14546930613877224,0.3277267346530694,0.28443075384923017,0.1366482303539292,0.06366162767446511,0.03035364927014597,0.009442631473705259,0.0018391921615676864,0.0003857628474305139,4.2071585682863425e-05,3.9992001599680065e-08
36	560463995	5000.0	0.001	0.00222	-0.109714	0.1304107978404319,0.20205654869026196,0.2638099580083983,0.21383239352129574,0.11668454309138172,0.0440251549690062,0.0204750649870026,0.006829834033193361,0.0014505498900219955,0.0001851629674065187,0.00023267346530693862,7.278544291141772e-06,3.9992001599680065e-08
39	4188971145	5000.0	0.001	0.00222	0.126958	0.042614557088582285,0.23451945610877825,0.3103532893421316,0.22987870425914816,0.10991869626074785,0.04627746450709858,0.01847970405918816,0.0064075984803039394,0.0014235952809438113,0.00012593481303739253,9.998000399920016e-07
35	1918259319	5000.0	0.001	0.00222	0.009815	0.17249406118776245,0.22165754849030195,0.22634145170965808,0.1794375524895021,0.1117372525494901,0.058112057588482306,0.023908378324335133,0.004491021795640872,0.0014536692661467707,0.0003469706058788242,2.0035992801439712e-05
31	1824264299	5000.0	0.001	0.00222	0.219349	0.07764679064187163,0.2976875424915017,0.29487830433913215,0.18235964807038593,0.09383431313737252,0.031205798840231953,0.014705538892221556,0.006356768646270746,0.0008565886822635473,0.00042999400119976,3.8632273545290943e-05,7.998400319936013e-08
38	3458033795	5000.0	0.001	0.00222	-0.061335	0.12104107178564287,0.23834293141371726,0.26881463707258546,0.16908274345130975,0.12129074185162968,0.052439232153569285,0.016709858028394323,0.007382683463307339,0.003217636472705459,0.000759008198360328,0.0006608278344331133,0.0002473105378924215,1.1317736452709458e-05
40	2761803914	5000.0	0.001	0.00222	0.100001	0.10743191361727654,0.21685210957808437,0.2486861027794441,0.21525394921015797,0.1322883023395321,0.05509382123575285,0.019727214557088583,0.0023650869826034792,0.001791121775644871,0.00028198360327934415,0.0002218356328734253,6.55868826234753e-06
42	2074337440	5000.0	0.001	0.00222	0.075946	0.14269510097980403,0.27843199360127974,0.28135348930213955,0.16603551289742052,0.08420623875224956,0.031732093581283746,0.008327974405118977,0.005999440111977604,0.0011737252549490103,4.439112177564487e-05,3.9992001599680065e-08
43	3458130080	5000.0	0.001	0.00222	0.130750	0.17637012597480503,0.25626798640271947,0.2312731853629274,0.19094493101379725,0.09683015396920616,0.03418892221555689,0.00975884823035393,0.003853909218156369,0.0004928614277144571,1.907618476304739e-05
45	3359729849	5000.0	0.001	0.00222	0.057184	0.1482099980003999,0.33598264347130574,0.23659456108778246,0.1586507898420316,0.07559172165566887,0.032359528094381126,0.007134853029394121,0.0032135172965406917,0.0020649470105978803,0.0001743251349730054,2.3075384923015396e-05,3.9992001599680065e-08
41	2704185492	5000.0	0.001	0.00222	0.357482	0.03610081983603279,0.22519180163967206,0.30522063587282544,0.24027298540291941,0.1285252549490102,0.051393441311737655,0.011104299140171966,0.001532733453309338,0.0006392321535692862,1.879624075184963e-05
49	1833396417	5000.0	0.001	0.00222	0.165665	0.06382335532893421,0.14506742651469706,0.2061631673665267,0.2448642671465707,0.16585374925014998,0.12033169366126775,0.03673545290941812,0.01325250949810038,0.003499740051989602,0.00038364327134573085,2.483503299340132e-05,1.5996800639872026e-07
47	2549772477	5000.0	0.001	0.00222	0.314241	0.016440471905618877,0.13423583283343332,0.3010247150569886,0.283473825234953,0.15917224555088982,0.06821459708058389,0.027980283943211358,0.006402239552089582,0.0027502099580083983,0.00017660467906418717,0.00012849430113977205,4.799040191961608e-07
44	3284830376	5000.0	0.001	0.00222	0.175925	0.17452717456508698,0.2739366126774645,0.24579252149570086,0.18106662667466505,0.0859388522295541,0.032206158768246354,0.004814197160567886,0.0008556688662267547,0.0008202359528094381,2.503499300139972e-05,1.6836632673465307e-05,7.998400319936013e-08
46	300189884	5000.0	0.001	0.00222	0.284042	0.06361711657668466,0.19035256948610277,0.23105470905818837,0.2711413317336533,0.1435133373325335,0.05835548890221955,0.032990721855628874,0.007625834833033394,0.0009524495100979804,0.00033569286142771444,6.062787442511498e-05,1.199760047990402e-07
54	3088816338	5000.0	0.001	0.00222	0.178062	0.197952649470106,0.3499916416716657,0.2610725454909018,0.11445562887422515,0.05492161567686463,0.017200719856028793,0.003884223155368926,0.0004533493301339732,3.747250549890022e-05,2.1075784843031393e-05,9.078184363127375e-06
52	1756784844	5000.0	0.001	0.00222	0.253380	0.12633653269346132,0.2827788442311538,0.29906710657868424,0.15775972805438912,0.086600399920016,0.03701423715256948,0.008465666866626675,0.0016816636672665466,0.00012501499700059987,0.00016936612677464507,1.4397120575884822e-06
48	2590478527	5000.0	0.001	0.00222	-0.024282	0.10793049390121975,0.2266617076584683,0.27024167166566687,0.1941129774045191,0.11966194761047791,0.05939596080783843,0.019342011597680463,0.0022955808838232353,0.00022775444911017796,0.000128374325134973,1.5196960607878424e-06
55	2154082519	5000.0	0.001	0.00222	0.314532	0.038166046790641873,0.19775340931813637,0.30466902619476105,0.2669867626474705,0.12992029594081184,0.04505514897020596,0.014520295940811837,0.0021830833833233355,0.0007288542291541692,1.7076584683063386e-05
50	2869366981	5000.0	0.001	0.00222	0.114645	0.1345500099980004,0.2573262947410518,0.25810761847630476,0.1934999400119976,0.0944754649070186,0.04316744651069786,0.013991921615676865,0.0028843031393721258,0.0015806038792241552,0.0003770845830833833,3.9152169566086785e-05,1.5996800639872026e-07
51	4075804873	5000.0	0.001	0.00222	0.284648	0.06984919016196761,0.2348992601479704,0.28001711657668465,0.21948398320335932,0.10428362327534493,0.05327686462707459,0.0274499900019996,0.007586442711457708,0.0021930813837232554,0.0008250749850029994,0.00012973405318936212,5.6388722255548894e-06
58	935712989	5000.0	0.001	0.00222	0.102803	0.17744463107378525,0.30701155768846233,0.2577399320135973,0.14208006398720255,0.08265538892221555,0.026881743651269746,0.005348010397920416,0.0007653269346130773,7.290541891621676e-05,4.399120175964807e-07
53	3444361426	5000.0	0.001	0.00222	0.287910	0.13591593681263747,0.3223999600079984,0.2478356728654269,0.16931009798040392,0.08684167166566686,0.02850765846830634,0.007405798840231953,0.0016211157768446312,0.00015712857428514296,4.9590081983603276e-06
56	3013683417	5000.0	0.001	0.00222	0.167292	0.10835840831833633,0.24147786442711458,0.2571276944611078,0.1887138572285543,0.1252397920415917,0.04878128374325135,0.018826714657068585,0.005384683063387323,0.004293861227754449,0.0016162767446510698,0.00017688462307538492,2.679464107178564e-06
57	1059457243	5000.0	0.001	0.00222	-0.029528	0.12232629474105179,0.23020635872825435,0.25619772045590883,0.1754258348330334,0.1154617876424715,0.06469286142771445,0.026596840631873626,0.007021515696860628,0.0014206758648270346,0.0006432713457308538,6.798640271945611e-06,3.9992001599680065e-08
61	3905229031	5000.0	0.001	0.00222	0.200524	0.04204231153769246,0.11803335332933414,0.2182361927614477,0.2612195560887822,0.20009758048390322,0.10420375924815037,0.040767886422715456,0.011800319936012797,0.0032248350329934015,0.00031461707658468304,5.782843431313737e-05,1.7596480703859228e-06
63	2472741103	5000.0	0.001	0.00222	-0.022278	0.2647164567086583,0.31314465106978606,0.22886514697060586,0.11385586882623475,0.046296660667866425,0.01740391921615677,0.006364407118576285,0.006797560487902419,0.001104379124175165,0.0005192161567686463,0.00045046990601879623,0.0004625874825034993,1.4437112577484502e-05,4.239152169566087e-06
64	875819257	5000.0	0.001	0.00222	0.105003	0.07543223355328935,0.22475112977404518,0.26222175564887024,0.22261911617676464,0.11750657868426315,0.05753849230153969,0.026720775844831034,0.009675624875024994,0.0032053989202159567,0.00016940611877624476,0.0001584483103379324,1.0397920415916818e-06
60	4174612707	5000.0	0.001	0.00222	0.349324	0.034500779844031194,0.12847246550689861,0.287371325734853,0.27796512697460507,0.14703463307338532,0.07454813037392521,0.036415116976604676,0.011436032793441311,0.0019042991401719655,0.00024239152169566088,8.998200359928014e-05,1.9716056788642272e-05
62	1011818728	5000.0	0.001	0.00222	-0.005766	0.21299108178364326,0.27998032393521294,0.23892705458908217,0.1369989602079584,0.0717486902619476,0.0404367126574685,0.015691661667666466,0.002459268146370726,0.0007426914617076585,2.3555288942211558e-05
66	265625860	5000.0	0.001	0.00222	0.398894	0.06047278544291142,0.23988430313937212,0.30877116576684666,0.20044167166566687,0.12692153569286144,0.042301659668066385,0.015853109378124376,0.004269626074785043,0.0009030593881223755,0.0001795640871825635,1.5196960607878424e-06
67	3837059334	5000.0	0.001	0.00222	0.273165	0.09196984603079385,0.2866484303139372,0.2739388922215557,0.19710933813237352,0.10294029194161168,0.033386882623475306,0.008312337532493502,0.004122935412917417,0.0014218356328734253,0.00014465106978604278,4.559088182363528e-06
65	464068864	5000.0	0.001	0.00222	0.195409	0.1305120575884823,0.23880395920815836,0.3071250549890022,0.17266418716256748,0.10079372125574886,0.03163339332133573,0.011994601079784043,0.005232153569286143,0.0008001999600079984,0.0004303539292141572,1.0197960407918416e-05,1.199760047990402e-07
68	2465462540	5000.0	0.001	0.00222	0.154054	0.03447886422715457,0.2418230353929214,0.2724355928814237,0.2240248350329934,0.12578864227154568,0.07255364927014597,0.022315776844631072,0.004595080983803239,0.0017910417916416716,0.00018848230353929213,4.9590081983603276e-06,3.9992001599680065e-08
59	470288609	5000.0	0.001	0.00222	0.241977	0.13616452709458107,0.2557621275744851,0.24971857628474306,0.18564767046590683,0.1159000599880024,0.03852389522095581,0.014229514097180564,0.003248030393921216,0.0007572485502899421,4.8030393921215755e-05,3.199360127974405e-07
69	3208165647	5000.0	0.001	0.00222	0.112850	0.16086690661867625,0.34617000599880027,0.2642984603079384,0.1277604479104179,0.06432317536492702,0.02561991601679664,0.008914497100579883,0.001992001599680064,5.446910617876425e-05,1.199760047990402e-07
71	732174623	5000.0	0.001	0.00222	0.227023	0.1265734053189362,0.3163293341331734,0.2745363327334533,0.17304407118576284,0.06849022195560887,0.027559368126374724,0.01054761047790442,0.0020713457308538293,0.0007975204959008199,5.078984203159368e-05
70	2320996637	5000.0	0.001	0.00222	0.152697	0.13706854629074186,0.29920691861627674,0.2526861427714457,0.16791045790841833,0.09487546490701859,0.036564527094581085,0.009304259148170365,0.0020980603879224157,0.0002842231553689262,1.3997200559888023e-06
72	4110102815	5000.0	0.001	0.00222	0.220834	0.07270509898020396,0.19983203359328133,0.28290397920415916,0.22193021395720855,0.12136552689462107,0.04972257548490302,0.03371833633273345,0.010974365126974604,0.004211437712457508,0.002325894821035793,0.0002884623075384923,2.1715656868626276e-05,3.5992801439712056e-07
74	321999150	5000.0	0.001	0.00222	0.074902	0.11092205558888223,0.2114369126174765,0.22843271345730853,0.2350756648670266,0.126848950209958,0.055238232353529294,0.02039412117576485,0.005362967406518696,0.004232713457308538,0.0016621075784843031,0.00038608278344331136,7.478504299140172e-06
73	1565313314	5000.0	0.001	0.00222	-0.073470	0.17391949610077984,0.2505336932613477,0.2424773045390922,0.15853349330133973,0.09258012397520496,0.052950529894021194,0.020237072585482904,0.007010757848430314,0.0008527094581083784,0.0007710457908418316,0.00013213357328534293,1.6396720655868826e-06
76	2840910154	5000.0	0.001	0.00222	0.053071	0.1701015396920616,0.27422171565686865,0.26584103179364127,0.153722575484903,0.08501691661667667,0.030145530893821236,0.011523775244951009,0.006831993601279744,0.0021879224155168966,0.0003878824235152969,1.895620875824835e-05,1.5996800639872026e-07
81	1307793753	5000.0	0.001	0.00222	0.133993	0.18295472905418916,0.3039373325334933,0.21781399720055988,0.16617272545490902,0.07873161367726454,0.03938300339932014,0.00923503299340132,0.0016666666666666668,0.00010313937212557489,1.7596480703859228e-06
75	3583291706	5000.0	0.001	0.00222	0.196949	0.017783883223355328,0.22822019596080784,0.3374871025794841,0.2405151369726055,0.10732645470905819,0.04906550689862028,0.0151750449910018,0.0033659668066386723,0.0010361127774445112,2.451509698060388e-05,7.998400319936013e-08
87	3678622054	5000.0	0.001	0.00222	0.178874	0.13713353329334133,0.2520653869226155,0.2566546290741852,0.21059508098380325,0.0907874025194961,0.03103023395320936,0.015278584283143371,0.004803079384123175,0.0011735252949410119,0.00023147370525894822,0.00013433313337332534,0.00010697860427914417,5.758848230353929e-06
77	2041440587	5000.0	0.001	0.00222	0.210556	0.07959684063187362,0.2887592481503699,0.30534353129374125,0.18251473705258947,0.08532789442111578,0.041823635272945414,0.011187082583483303,0.004583843231353729,0.0007960407918416317,6.650669866026795e-05,6.39872025594881e-07
85	3913828703	5000.0	0.001	0.00222	0.200488	0.03699020195960808,0.2143236152769446,0.30108262347530496,0.21990557888422316,0.13641951609678066,0.061859508098380325,0.02319384123175365,0.0048488702259548095,0.0010651469706058788,0.0002972605478904219,1.3837232553489301e-05
84	4112959839	5000.0	0.001	0.00222	0.392381	0.005007798440311938,0.10874077184563087,0.30263411317736455,0.31479384123175363,0.1770629074185163,0.062310337932413515,0.020833433313337334,0.006896060787842432,0.0009282143571285742,0.0007665266946610678,2.579484103179364e-05,1.9996000799840033e-07
82	1612743004	5000.0	0.001	0.00222	0.314850	0.0673373725254949,0.2431623675264947,0.3215034593081384,0.19397348530293942,0.10288438312337532,0.04479672065586883,0.016739692061587683,0.005593041391721656,0.0034281943611277742,0.0005124975004999,6.730653869226154e-05,1.4797040591881624e-06
80	2267658583	5000.0	0.001	0.00222	0.259118	0.07624111177764448,0.3102971405718856,0.28846594681063786,0.2059120975804839,0.0812869826034793,0.021373405318936212,0.008875944811037793,0.005815596880623875,0.0016649470105978804,6.678664267146571e-05,3.9992001599680065e-08
86	3661617509	5000.0	0.001	0.00222	0.211775	0.12115772845430914,0.2433388522295541,0.2722134773045391,0.20234449110177966,0.09138404319136173,0.050195080983803236,0.016064307138572285,0.0025285342931413717,0.0006200359928014397,0.00011981603679264148,2.9394121175764847e-05,4.239152169566087e-06
83	1512931677	5000.0	0.001	0.00222	0.244240	0.01873969206158768,0.16790765846830633,0.2931397320535893,0.2518965406918616,0.15596332733453308,0.07735260947810438,0.02647770445910818,0.007211677664467107,0.0011392921415716857,0.00017004599080183962,1.7196560687862428e-06
89	557738347	5000.0	0.001	0.00222	0.066967	0.10678616276744651,0.31204655068986203,0.28786778644271144,0.15617232553489302,0.07891741651669666,0.03378460307938412,0.016456508698260347,0.005029554089182164,0.0019673265346930612,0.00039544091181763647,0.00033777244551089783,0.0001498500299940012,8.858228354329134e-05,1.199760047990402e-07
79	2501130582	5000.0	0.001	0.00222	0.078819	0.15038268346330733,0.2898823435312937,0.3058079184163167,0.16124499100179965,0.06640207958408319,0.02084743051389722,0.004395880823835233,0.0008933013397320536,0.0001404119176164767,2.679464107178564e-06,2.7994401119776043e-07
92	178829678	5000.0	0.001	0.00222	0.199252	0.10324043191361727,0.2710979404119176,0.2772993801239752,0.1902246350729854,0.09064787042591482,0.048263147370525894,0.016084823035392923,0.0028103179364127174,0.00028194361127774445,4.931013797240552e-05,1.9996000799840033e-07
94	215654779	5000.0	0.001	0.00222	0.109756	0.17876996600679865,0.27654389122175566,0.24618276344731055,0.18082235552889422,0.07638832233553289,0.026963407318536293,0.009484543091381723,0.004031113777244551,0.0006588282343531293,0.00013065386922615476,2.279544091181764e-06,2.027594481103779e-05,1.5996800639872026e-06
78	303098188	5000.0	0.001	0.00222	-0.017678	0.13000519896020796,0.19803171365726854,0.2773878024395121,0.19488506298740252,0.11303239352129574,0.05288810237952409,0.027886782643471306,0.004916176764647071,0.0008755448910217956,9.106178764247151e-05,1.5996800639872026e-07
93	1885682031	5000.0	0.001	0.00222	0.061904	0.12675360927814436,0.23234469106178765,0.2796733853229354,0.18420459908018397,0.11503835232953409,0.04475240951809638,0.013390801839632073,0.0020086382723455308,0.0017810837832433514,5.238952209558088e-05,3.9992001599680065e-08
95	1897398651	5000.0	0.001	0.00222	0.287519	0.050510497900419914,0.25589306138772244,0.3107996800639872,0.23201995600879824,0.10564203159368127,0.03222927414517097,0.010827034593081384,0.0017882023595280944,0.00027718456308738253,1.287742451509698e-05,1.9996000799840033e-07
88	3187911018	5000.0	0.001	0.00222	0.127249	0.09365550889822036,0.22261875624875024,0.20864775044991002,0.22331749650069985,0.14457180563887223,0.06891933613277344,0.027701659668066387,0.0073645670865826835,0.0007192161567686463,0.0014405518896220756,0.0006028394321135773,0.000377124575084983,6.314737052589482e-05,2.399520095980804e-07
96	2466171261	5000.0	0.001	0.00222	0.365297	0.02106354729054189,0.10998844231153769,0.2003630473905219,0.29349118176364725,0.1847515696860628,0.11654117176564686,0.05226750649870026,0.017081303739252148,0.003908098380323935,0.0005054589082183563,3.299340131973605e-05,5.678864227154569e-06
100	262721935	5000.0	0.001	0.00222	0.118475	0.09627818436312738,0.2534893021395721,0.31035804839032194,0.168899900019996,0.10521535692861428,0.04978380323935213,0.012054189162167566,0.0036260747850429915,0.0002823835232953409,1.24375124975005e-05,3.199360127974405e-07
103	3763978646	5000.0	0.001	0.00222	0.016941	0.14415520895820835,0.2728303539292142,0.25575260947810435,0.16062831433713257,0.09551693661267746,0.040554769046190764,0.020983363327334532,0.007307058588282344,0.002116896620675865,0.00015160967806438711,2.8794241151769645e-06
101	9124242	5000.0	0.001	0.00222	0.262879	0.04936504699060188,0.2861618476304739,0.3068346330733853,0.20794105178964206,0.09137632473505299,0.04085218956208758,0.01403999200159968,0.002510617876424715,0.0004603479304139172,0.0004490701859628074,8.878224355128975e-06
105	2783586712	5000.0	0.001	0.00222	0.162280	0.1485133373325335,0.26244711057788445,0.27264631073785245,0.164449350129974,0.08454773045390922,0.0436249950009998,0.014532733453309339,0.0062720655868826235,0.0024703059388122375,0.00036856628674265145,0.00012669466106778645,7.998400319936013e-07
104	2603751830	5000.0	0.001	0.00222	0.131259	0.13599300139972006,0.2872123975204959,0.2770664667066587,0.17466086782643472,0.08156708658268347,0.02988850229954009,0.008780843831233754,0.004245270945810837,0.0005752849430113977,1.0197960407918416e-05,7.998400319936013e-08
98	3511820679	5000.0	0.001	0.00222	0.144739	0.09366614677064587,0.2679896420715857,0.2349115376924615,0.19483019396120776,0.11060703859228155,0.06599308138372326,0.02225474905018996,0.006769766046790642,0.0022811437712457507,0.0006704259148170366,2.2675464907018596e-05,3.599280143971206e-06
91	2312280430	5000.0	0.001	0.00222	0.086903	0.16100819836032793,0.2075984403119376,0.2138863027394521,0.18321611677664468,0.1327140571885623,0.06898428314337132,0.023507738452309537,0.0071298540291941616,0.0017472105578884222,0.00020287942411517697,4.919016196760648e-06
90	1439525229	5000.0	0.001	0.00222	0.265855	0.06655172965406919,0.29532921415716856,0.2813917216556689,0.1651250149970006,0.11222947410517896,0.05038016396720656,0.023093861227754447,0.005316376724655069,0.0005372925414917016,4.375124975004999e-05,0.0,1.3997200559888023e-06
109	48171439	5000.0	0.001	0.00222	-0.112993	0.12560743851229755,0.25484519096180763,0.2359636872625475,0.15564635072985403,0.11069290141971605,0.06092985402919416,0.03353625274945011,0.01792837432513497,0.003750849830033993,0.0009430513897220556,0.00015460907818436311,1.4397120575884822e-06
99	3990120844	5000.0	0.001	0.00222	0.228765	0.08948430313937213,0.24267674465106978,0.2690047590481904,0.22973457308538292,0.10387842431513697,0.043330853829234156,0.014972965406918616,0.00407242551489702,0.0023504499100179964,0.0004259548090381924,6.798640271945611e-05,4.799040191961608e-07,7.998400319936013e-08
106	3216511389	5000.0	0.001	0.00222	0.304763	0.07078564287142572,0.2217884023195361,0.29636056788642273,0.20689586082783443,0.12169738052389523,0.06015980803839232,0.015940851829634072,0.003681343731253749,0.0012165966806638672,0.0010100779844031194,0.0004453909218156369,1.7556488702259547e-05,5.198960207958409e-07
107	1930097054	5000.0	0.001	0.00222	0.258557	0.08822331533693262,0.24891893621275746,0.2557226154769046,0.19651617676464708,0.11945806838632274,0.06898804239152169,0.014763207358528294,0.00509250149970006,0.0011859628074385124,0.0009114577084583084,0.00021851629674065186,1.199760047990402e-06
108	3863181735	5000.0	0.001	0.00222	0.019672	0.2558758648270346,0.2785105778844231,0.20675168966206758,0.1299860427914417,0.07488086382723455,0.03601899620075985,0.012390721855628874,0.005164887022595481,0.0004049590081983603,1.4397120575884824e-05,9.998000399920016e-07
102	185852309	5000.0	0.001	0.00222	0.182773	0.13887994401119777,0.3395764047190562,0.2557292541491702,0.15111501699660068,0.07239080183963208,0.028664147170565885,0.01032133573285343,0.0018129574085182963,0.0009428114377124575,0.0005490501899620076,1.815636872625475e-05,1.199760047990402e-07
97	3615136132	5000.0	0.001	0.00222	0.073784	0.09485706858628275,0.2185515296940612,0.2670379524095181,0.21523423315336931,0.1252345930813837,0.05027186562687463,0.02115536892621476,0.004902459508098381,0.0024539092181563686,0.0002982603479304139,2.7594481103779245e-06
111	2500041150	5000.0	0.001	0.00222	-0.007425	0.21057208558288343,0.2651850829834033,0.25361135772845433,0.14659752049590083,0.0780634673065387,0.02954245150969806,0.011087782443511298,0.004736692661467707,0.000569126174765047,3.4393121375724854e-05,3.9992001599680065e-08
112	2199574977	5000.0	0.001	0.00222	0.277038	0.03621979604079184,0.26776896620675866,0.2897347330533893,0.20422223555288943,0.1289114577084583,0.054067906418716255,0.016251509698060388,0.0026835832833433312,0.00013341331733653268,6.3987202559488104e-06
110	3766835644	5000.0	0.001	0.00222	0.105244	0.10286618676264747,0.2848895820835833,0.2558672665466907,0.16015764847030595,0.11669410117976405,0.054062707458508295,0.017546090781843632,0.005742931413717256,0.0020037192561487703,0.00016896620675864828,7.998400319936013e-07
114	1403988424	5000.0	0.001	0.00222	0.145022	0.12054381123775244,0.21780615876824636,0.2896456708658268,0.18396444711057788,0.10472089582083584,0.05695748850229954,0.019588402319536093,0.005269306138772246,0.0014190761847630473,8.214357128574285e-05,2.599480103979204e-06
120	3593669083	5000.0	0.001	0.00222	-0.080096	3.239352129574085e-06,0.17471797640471906,0.2290898220355929,0.23704435112977404,0.1516111177764447,0.12899384123175364,0.048670945810837835,0.01623251349730054,0.008620955808838232,0.0027180563887222557,0.0020742251549690062,0.00021899620075984804,3.959208158368327e-06
119	1775440346	5000.0	0.001	0.00222	0.405810	0.0309876024795041,0.16750129974005198,0.29197704459108176,0.2274612677464507,0.15421783643271345,0.0907252149570086,0.02587250549890022,0.008896540691861628,0.002071585682863427,0.00024739052189562085,4.131173765246951e-05,3.9992001599680065e-07
115	2521356745	5000.0	0.001	0.00222	0.174327	0.0784383923215357,0.26906846630673864,0.3075332533493301,0.18414781043791242,0.09699808038392321,0.03365270945810838,0.02139244151169766,0.006531573685262948,0.0017414117176564688,0.00044483103379324134,5.102979404119176e-05
118	3886076370	5000.0	0.001	0.00222	0.288644	0.00806874625074985,0.1782508698260348,0.3393578484303139,0.26928058388322335,0.13058856228754248,0.04419860027994401,0.01697384523095381,0.008956808638272345,0.0031900819836032795,0.0009934813037392521,0.00013725254949010197,3.319336132773445e-06
117	3811506636	5000.0	0.001	0.00222	-0.051439	0.17690365926814636,0.22631525694861027,0.25718380323935214,0.18162115576884624,0.10328094381123776,0.040375644871025795,0.012218436312737453,0.0017614477104579084,0.00032769446110777844,1.1957608478304339e-05
121	2220941788	5000.0	0.001	0.00222	-0.008029	0.06532333533293341,0.1681617676464707,0.25629238152369527,0.21856468706258747,0.161524375124975,0.0797251349730054,0.034147330533893225,0.011864547090581884,0.003326134773045391,0.0009208158368326334,0.0001478904219156169,1.5996800639872026e-06
116	4161460682	5000.0	0.001	0.00222	0.135081	0.07634053189362128,0.29378252349530093,0.2644123975204959,0.2138610277944411,0.0990373525294941,0.035677064587082585,0.012783443311337732,0.002599120175964807,0.0013408118376324735,0.0001618876224755049,3.839232153569286e-06
126	19952106	5000.0	0.001	0.00222	-0.027771	0.0017549290141971605,0.22687950409918017,0.2721618076384723,0.25380571885622877,0.14156624675064988,0.05576324735052989,0.029398440311937613,0.012562007598480304,0.0045629274145170965,0.000937372525494901,0.0005881623675264947,1.963607278544291e-05
122	2632681949	5000.0	0.001	0.00222	0.180341	0.09930049990001999,0.21573289342131574,0.29033981203759246,0.21668254349130173,0.1031255348930214,0.05457896420715857,0.01506486702659468,0.00387126574685063,0.0011394121175764848,0.00016184763047390522,2.359528094381124e-06
123	3429366241	5000.0	0.001	0.00222	0.162604	0.002126174765046991,0.009819116176764647,0.13515828834233154,0.3326071185762847,0.27207038592281546,0.14645650869826035,0.06917560487902419,0.021440111977604478,0.00790493901219756,0.0021256548690261946,0.0009881623675264948,0.00012585482903419316,2.0795840831833635e-06
125	3976550887	5000.0	0.001	0.00222	0.053309	0.1403634473105379,0.2740385922815437,0.2514527894421116,0.17324547090581885,0.09842823435312938,0.0442498700259948,0.011630553889222156,0.003151969606078784,0.0024612277544491102,0.0008005998800239952,0.00017700459908018395,2.399520095980804e-07
113	2860908993	5000.0	0.001	0.00222	0.027865	0.1560271545690862,0.3234012797440512,0.2599130573885223,0.1517750049990002,0.0688379124175165,0.026225474905018996,0.009450749850029994,0.002872745450909818,0.00022631473705258948,0.001097260547890422,0.00016644671065786843,6.598680263947211e-06
128	2443266551	5000.0	0.001	0.00222	0.231715	0.0456873025394921,0.2380391521695661,0.3274666266746651,0.20453253349330133,0.11670961807638472,0.044454749050189965,0.01721403719256149,0.005135452909418117,0.000708498300339932,4.7310537892421514e-05,4.719056188762248e-06
131	3246926343	5000.0	0.001	0.00222	0.208903	0.059953969206158766,0.2117129774045191,0.2736752649470106,0.27165706858628275,0.11816616676664667,0.040379604079184166,0.013232713457308538,0.0033449310137972405,0.006517896420715857,0.0010345530893821236,0.00031005798840231955,1.4757048590281944e-05,3.9992001599680065e-08
133	757502473	5000.0	0.001	0.00222	0.157279	0.030936732653469304,0.22914065186962607,0.26655416916616675,0.2227141771645671,0.1543353729254149,0.05920247950409918,0.021474025194961006,0.008419756048790241,0.0058831833633273345,0.0012701859628074384,6.666666666666667e-05,2.599480103979204e-06
127	3456106995	5000.0	0.001	0.00222	0.259929	0.0868377124575085,0.29157248550289944,0.3008382723455309,0.20707362527494502,0.07589710057988402,0.028565886822635472,0.006807198560287942,0.0014544691061787642,0.0009357728454309138,1.7476504699060186e-05
134	3712389647	5000.0	0.001	0.00222	0.077559	0.1466124375124975,0.235150049990002,0.30118980203959206,0.16568474305138972,0.10266390721855628,0.033573285342931414,0.01132377524495101,0.003327134573085383,0.0004665466906618676,8.238352329534093e-06,7.998400319936013e-08
124	2871994851	5000.0	0.001	0.00222	0.227410	0.06644531093781243,0.20305482903419317,0.28723067386522694,0.22625486902619477,0.12360415916816636,0.06410513897220556,0.025086742651469707,0.003667986402719456,0.0005350929814037193,1.5196960607878425e-05
135	2202296851	5000.0	0.001	0.00222	0.152267	0.05662139572085583,0.25556688662267546,0.27253425314937013,0.18589346130773846,0.14087854429114177,0.06325514897020595,0.021225474905018995,0.003454149170165967,0.0005390121975604879,3.0513897220555888e-05,1.159768046390722e-06
129	1329273338	5000.0	0.001	0.00222	0.244272	0.08706710657868426,0.2800494301139772,0.2722237152569486,0.18070517896420715,0.11098196360727855,0.044280543891221755,0.017168286342731452,0.003850349930013997,0.0031000199960008,0.0004789042191561688,9.37012597480504e-05,7.998400319936013e-07
136	2696651286	5000.0	0.001	0.00222	0.116415	0.16815812837432514,0.2955388522295541,0.23366666666666666,0.16527094581083784,0.08395476904619076,0.03540563887222555,0.015274145170965807,0.0024530693861227752,0.00022759448110377925,5.010997800439912e-05,7.998400319936013e-08
138	1747937830	5000.0	0.001	0.00222	0.035247	0.18402451509698062,0.3162635872825435,0.2333736052789442,0.1402616276744651,0.08711529694061187,0.032033913217356526,0.006193401319736053,0.0006231953609278144,0.00011061787642471506,2.399520095980804e-07
140	2988225068	5000.0	0.001	0.00222	0.213576	0.08249646070785843,0.30512861427714455,0.27689390121975604,0.19847930413917217,0.08832141571685663,0.03770213957208558,0.008700539892021596,0.00212625474905019,0.00014513097380523896,6.23875224955009e-06
141	2560203316	5000.0	0.001	0.00222	0.186876	0.05143495300939812,0.2631138172365527,0.28291437712457507,0.19986074785042993,0.1066614677064587,0.0653134573085383,0.015363247350529893,0.011510577884423116,0.00339876024795041,0.0004139572085582883,1.4597080583883224e-05,3.9992001599680065e-08
130	1451414018	5000.0	0.001	0.00222	0.196641	0.052125174965007,0.24806098780243951,0.3039270545890822,0.1862603079384123,0.11183247350529894,0.06500963807238552,0.020310737852429515,0.0077339332133573285,0.0025807638472305537,0.0019689262147570487,0.00018684263147370525,3.1593681263747252e-06
143	772168245	5000.0	0.001	0.00222	0.015994	0.15705746850629873,0.2193387322535493,0.24708078384323134,0.18313217356528694,0.1128118776244751,0.05605622875424915,0.01796624675064987,0.0043628074385122975,0.0012024395120975805,0.0009217756448710258,6.934613077384523e-05,1.199760047990402e-07
144	2625339961	5000.0	0.001	0.00222	0.131262	0.08983995200959809,0.28894449110177967,0.2768739452109578,0.166699300139972,0.10754273145370925,0.04728238352329534,0.01540747850429914,0.004806558688262347,0.001300139972005599,0.0010684263147370525,0.00017344531093781243,6.0027994401119776e-05,1.1197760447910417e-06
139	2841575978	5000.0	0.001	0.00222	0.103557	0.06317248550289942,0.21474441111777645,0.2669840031993601,0.22899092181563688,0.1364886622675465,0.05371157768446311,0.024015756848630273,0.009185362927414517,0.0023571685662867425,0.0003432113577284543,6.43871225754849e-06
132	1040564743	5000.0	0.001	0.00222	0.058883	0.023620275944811038,0.25755608878224356,0.3015338932213557,0.2096763047390522,0.13309342131573684,0.04908274345130974,0.01950997800439912,0.005197760447910418,0.0007185362927414517,1.0917816436712657e-05,7.998400319936013e-08
147	1696045632	5000.0	0.001	0.00222	0.057568	0.21044467106578685,0.26495124975004997,0.23433037392521497,0.1642004799040192,0.07747298540291941,0.034951569686062785,0.010184003199360128,0.0031530893821235754,0.0002979004199160168,1.3677264547090581e-05
137	2328588832	5000.0	0.001	0.00222	0.153200	0.07202387522495501,0.34046830633873226,0.2498745050989802,0.18158276344731053,0.09457976404719057,0.038420475904819035,0.01195984803039392,0.0087374125174965,0.0020439912017596483,0.0002921415716856629,1.5996800639872025e-05,9.198160367926415e-07
146	2513257021	5000.0	0.001	0.00222	-0.035035	0.141898100379924,0.26865362927414516,0.26822907418516295,0.1645263347330534,0.09041915616876625,0.041198240351929614,0.01140379924015197,0.010133093381323736,0.0028996600679864026,0.00044323135372925415,0.0001757248550289942,1.995600879824035e-05
148	1071604288	5000.0	0.001	0.00222	-0.012633	0.010593641271745651,0.14721867626474705,0.2475975604879024,0.2831974405118976,0.1890121975604879,0.08150381923615277,0.025754329134173165,0.012293461307738453,0.00250749850029994,0.0003006998600279944,2.0675864827034592e-05
155	1689162344	5000.0	0.001	0.00222	-0.007138	0.054654029194161166,0.2756037192561488,0.2670865026994601,0.21634389122175565,0.11867782443511297,0.046739012197560485,0.01158376324735053,0.007131533693261347,0.00196376724655069,0.00019088182363527294,2.50749850029994e-05
142	485407285	5000.0	0.001	0.00222	0.179142	0.19054597080583882,0.31803227354529096,0.23381711657668466,0.13953193361327734,0.061566966606678666,0.03485306938612277,0.014121775644871026,0.006418836232753449,0.0010325134973005398,7.566486702659468e-05,3.879224155168966e-06
150	3069377111	5000.0	0.001	0.00222	0.053616	0.1443365726854629,0.318377924415117,0.21847074585082984,0.17409546090781844,0.09053009398120376,0.03890301939612078,0.012074745050989802,0.0028931413717256547,0.00031537692461507696,2.9194161167766445e-06
154	3530406495	5000.0	0.001	0.00222	0.262628	0.052674825034993,0.23284795040991801,0.28608162367526496,0.2518697860427914,0.10935452909418117,0.04404191161767646,0.018998320335932812,0.003475784843031394,0.0006407118576284743,1.4477104579084183e-05,7.998400319936013e-08
159	2565890669	5000.0	0.001	0.00222	0.178104	0.09148226354729054,0.32524171165766846,0.3055242951409718,0.16887654469106178,0.07701615676864627,0.02404155168966207,0.005819236152769446,0.00168498300339932,0.00030905818836232755,3.879224155168966e-06,3.199360127974405e-07
158	842639980	5000.0	0.001	0.00222	0.169925	0.08202387522495501,0.28154433113377325,0.2952129174165167,0.2090629074185163,0.09153313337332533,0.023789202159568087,0.00988362327534493,0.004846070785842832,0.0019882823435312938,0.00011269746050789842,2.959408118376325e-06
157	1106870890	5000.0	0.001	0.00222	0.201508	0.0022827834433113378,0.13077896420715857,0.266569126174765,0.28183187362527495,0.18429706058788242,0.09238388322335533,0.03131417716456709,0.00797880423915217,0.0014847030593881224,0.0005464507098580283,0.0004863027394521096,4.5470905818836236e-05,3.9992001599680065e-07
160	2088905328	5000.0	0.001	0.00222	0.240447	0.033830793841231756,0.16528266346730655,0.2986153169366127,0.24797892421515697,0.1533648870225955,0.06579408118376324,0.022751049790041993,0.007988122375524894,0.003157608478304339,0.0011712857428514297,5.846830633873225e-05,6.798640271945611e-06
156	1240449641	5000.0	0.001	0.00222	0.092313	0.008086582683463307,0.24829882023595282,0.2993658068386323,0.2245396520695861,0.13608458308338334,0.0622876624675065,0.016632153569286143,0.004283583283343331,0.00030841831633673266,6.434713057388523e-05,4.791041791641672e-05,4.799040191961608e-07
161	2847249009	5000.0	0.001	0.00222	0.101794	0.11539772045590882,0.25291869626074787,0.2627398120375925,0.20065402919416117,0.09964491101779645,0.04729838032393521,0.014386082783443312,0.0044579484103179365,0.002063867226554689,0.0004257148570285943,1.2837432513497301e-05
163	2629331571	5000.0	0.001	0.00222	0.052042	0.142750449910018,0.28875732853429315,0.23839248150369927,0.18104571085782845,0.09132293541291742,0.03540083983203359,0.015746690661867627,0.005026074785042992,0.0009150169966006799,0.0006170365926814638,2.519496100779844e-05,2.399520095980804e-07
152	3616092764	5000.0	0.001	0.00222	0.059544	0.1489379724055189,0.21037784443111376,0.26097160567886424,0.187725374925015,0.11814309138172366,0.04798516296740652,0.019314417116576686,0.005213917216556689,0.001250629874025195,7.938412317536492e-05,5.99880023995201e-07
145	2322700858	5000.0	0.001	0.00222	0.223128	0.022970605878824234,0.16428002399520095,0.21122979404119177,0.23256708658268346,0.1934010797840432,0.11216152769446111,0.038378044391121774,0.010962567486502699,0.004187082583483303,0.00329750049990002,0.00490125974805039,0.00114125174965007,0.0005027394521095781,1.735652869426115e-05,2.0795840831833635e-06
164	1404359286	5000.0	0.001	0.00222	-0.049988	0.2254864627074585,0.2879756448710258,0.2215106978604279,0.13878084383123376,0.07471009798040391,0.03963991201759648,0.009271665666866626,0.0019023395320935813,0.0006532693461307738,6.07878424315137e-05,8.278344331133774e-06
165	2601628279	5000.0	0.001	0.00222	-0.011492	0.15526686662667466,0.26105666866626676,0.283271825634873,0.16312933413317338,0.08935132973405319,0.03409526094781044,0.009103499300139971,0.003964687062587483,0.0007270145970805839,2.8314337132573486e-05,5.198960207958408e-06
149	894081613	5000.0	0.001	0.00222	0.249137	0.06896552689462107,0.21181519696060788,0.28032885422915416,0.2006599480103979,0.13584087182563487,0.04936112777444511,0.0377255348930214,0.011139492101579685,0.0030193961207758448,0.0008712257548490302,0.0002703459308138372,2.439512097580484e-06,3.9992001599680065e-08
153	2565743198	5000.0	0.001	0.00222	0.276034	0.08170929814037192,0.2557744451109778,0.32118004399120176,0.18329374125174966,0.09320835832833434,0.039364447110577884,0.020167206558688262,0.004519736052789442,0.0007168566286742652,4.931013797240552e-05,1.6556688662267547e-05
169	1438179995	5000.0	0.001	0.00222	0.333414	0.026453509298140374,0.24582027594481104,0.358299700059988,0.22541567686462707,0.10397372525494901,0.03256428714257149,0.006733613277344531,0.0007032993401319736,3.379324135172965e-05,2.1195760847830435e-06
168	4012929690	5000.0	0.001	0.00222	0.017714	0.19420579884023195,0.2731151769646071,0.24693301339732054,0.13591905618876224,0.08810769846030794,0.03524343131373725,0.017314217156568685,0.007126454709058188,0.0007720055988802239,0.0011710457908418316,9.130173965206959e-05,7.998400319936013e-07
172	1940898464	5000.0	0.001	0.00222	0.135503	0.16722847430513899,0.196000599880024,0.2552257548490302,0.21206850629874024,0.11352649470105979,0.03247734453109378,0.016037032593481305,0.0030877024595080986,0.002878864227154569,0.0013565686862627474,0.00011121775644871026,1.279744051189762e-06,1.5996800639872026e-07
151	3709315676	5000.0	0.001	0.00222	0.155915	0.17177204559088183,0.3044588682263547,0.2469865226954609,0.15112741451709658,0.07834621075784844,0.024789322135572885,0.011072625474905019,0.009163967206558689,0.001798120375924815,0.00046966606678664266,1.5236952609478104e-05
170	654858909	5000.0	0.001	0.00222	0.066937	0.14620559888022394,0.23604463107378523,0.2670617076584683,0.19714817036592683,0.09826914617076585,0.041030793841231754,0.011304179164167167,0.002039872025594881,0.0005096580683863227,0.0003236152769446111,5.366926614677065e-05,8.958208358328334e-06
162	4141163121	5000.0	0.001	0.00222	0.167842	0.11691949610077984,0.27685842831433716,0.31390241951609676,0.1650875424915017,0.07736944611077784,0.03183911217756449,0.0121124175164967,0.002688902219556089,0.002225874825034993,0.0006499500099980004,0.00010945810837832434,0.00023115376924615077,5.798840231953609e-06
174	3475323569	5000.0	0.001	0.00222	0.105083	0.04687878424315137,0.12789274145170965,0.2605130173965207,0.23793333333333333,0.1803742451509698,0.09691953609278145,0.03441679664067186,0.011362727454509098,0.0033037392521495703,0.0003985202959408118,6.55868826234753e-06
167	34042520	5000.0	0.001	0.00222	0.026030	0.14969326134773045,0.21691705658868227,0.246926174765047,0.19698312337532495,0.10349690061987603,0.052690501899620074,0.02591765646870626,0.005895740851829634,0.0013025394921015797,0.00017040591881623676,6.35872825434913e-06,2.7994401119776043e-07
175	3866505913	5000.0	0.001	0.00222	0.151315	0.08778136372725455,0.20804319136172766,0.25077960407918415,0.2207737652469506,0.13946778644271146,0.06094013197360528,0.020155368926214758,0.009299580083983204,0.002323375324935013,0.0004136372725454909,2.2115576884623077e-05,7.998400319936013e-08
173	874406565	5000.0	0.001	0.00222	-0.041361	0.16436756648670267,0.2508052389522096,0.28143835232953407,0.165925574885023,0.08462015596880623,0.03366358728254349,0.009804679064187163,0.005881703659268146,0.0019341731653669267,0.0009739652069586083,0.00023955208958208359,0.00031181763647270547,3.3273345330933816e-05,3.5992801439712056e-07
176	2804794042	5000.0	0.001	0.00222	0.164720	0.08437924415116976,0.24158584283143372,0.2862857428514297,0.21094057188562287,0.10306042791441712,0.05063555288942211,0.01477020595880824,0.007415876824635073,0.0008979004199160168,2.8634273145370926e-05
171	3083868830	5000.0	0.001	0.00222	0.227770	0.06044903019396121,0.22951897620475906,0.3024996600679864,0.21900263947210558,0.12195320935812838,0.04437884423115377,0.016887822435512897,0.0035186562687462507,0.0017345330933813236,5.1629674065186965e-05,4.999000199960008e-06
181	1491706595	5000.0	0.001	0.00222	0.399335	0.053978124375124975,0.24384795040991802,0.31640979804039193,0.2116521895620876,0.09575476904619076,0.04719712057588482,0.022016436712657468,0.007336012797440512,0.0016033993201359728,0.0001964007198560288,7.798440311937612e-06
178	3160154819	5000.0	0.001	0.00222	0.012877	0.08220607878424314,0.1973892821435713,0.27879360127974406,0.22126750649870025,0.13508354329134173,0.05330105978804239,0.01959136172765447,0.009812997400519895,0.002000719856028794,0.00048774245150969806,6.55868826234753e-05,5.198960207958409e-07
180	3644474068	5000.0	0.001	0.00222	0.055394	0.010452069586082783,0.23463099380123975,0.2646279144171166,0.27309582083583284,0.14445590881823636,0.05284247150569886,0.014427794441111778,0.004560447910417916,0.0008515896820635873,5.410917816436713e-05,8.798240351929614e-07
166	3778970255	5000.0	0.001	0.00222	0.063465	0.1051110177964407,0.14476776644671066,0.24088926214757048,0.24885418916216756,0.1463863227354529,0.07037808438312337,0.03170829834033193,0.010328294341131774,0.0015074585082983404,6.846630673865226e-05,8.398320335932813e-07
177	2590048954	5000.0	0.001	0.00222	0.254577	0.06557272545490901,0.2750110777844431,0.30613525294941013,0.19614669066186763,0.08607438512297541,0.04500959808038393,0.017633353329334134,0.00567758448310338,0.002126494701059788,0.0006027194561087783,1.0037992401519696e-05,7.998400319936013e-08
184	1006711541	5000.0	0.001	0.00222	-0.026327	0.024499180163967207,0.19559268146370726,0.29165434913017396,0.23806802639472105,0.13818048390321935,0.08237588482303539,0.023075384923015398,0.004662867426514697,0.0018026394721055788,8.810237952409518e-05,3.9992001599680065e-07
179	2744361669	5000.0	0.001	0.00222	0.090899	0.12498108378324335,0.27133437312537495,0.29186738652269545,0.1741109778044391,0.08180807838432314,0.037648030393921214,0.01240115976804639,0.0031604879024195163,0.002489782043591282,0.00018460307938412317,1.3997200559888023e-05,3.9992001599680065e-08
186	2618893051	5000.0	0.001	0.00222	-0.011871	0.15820883823235352,0.2143110177964407,0.21999156168766246,0.1818355928814237,0.13777844431113778,0.06278600279944012,0.017411477704459107,0.005341491701659668,0.0020846630673865226,0.0002419516096780644,8.958208358328334e-06
190	3837731600	5000.0	0.001	0.00222	0.234410	0.09072121575684863,0.2864277144571086,0.27392001599680066,0.17748278344331134,0.10089362127574485,0.047814717056588685,0.01853365326934613,0.003230833833233353,0.0008140371925614877,0.00015632873425314937,5.078984203159368e-06
191	1490324243	5000.0	0.001	0.00222	0.373336	0.03190333933213357,0.16026634673065387,0.27722227554489104,0.24613169366126775,0.1622619476104779,0.08606722655468906,0.02635348930213957,0.00855128974205159,0.0012053189362127574,3.699260147970406e-05,7.998400319936013e-08
185	3286969082	5000.0	0.001	0.00222	0.328743	0.04528446310737853,0.17800755848830235,0.2963509698060388,0.2446230353929214,0.15262579484103178,0.0575755648870226,0.019170605878824236,0.005975884823035393,0.0003466906618676265,3.9352129574085184e-05,7.998400319936013e-08
188	723893000	5000.0	0.001	0.00222	0.531061	0.04695136972605479,0.2630662667466507,0.34481851629674065,0.2210358728254349,0.09293013397320536,0.023319176164767048,0.006901339732053589,0.0007548090381923615,0.000170125974805039,1.3597280543891222e-05,3.8792241551689665e-05
183	2295345909	5000.0	0.001	0.00222	0.024578	0.1485384523095381,0.2739292941411718,0.24191693661267746,0.17529782043591283,0.103100099980004,0.041059268146370724,0.013037872425514897,0.002354729054189162,0.0007401719656068786,2.531493701259748e-05,3.9992001599680065e-08
192	3690717972	5000.0	0.001	0.00222	0.148449	0.04760375924815037,0.2978207558488302,0.27798284343131374,0.2061108178364327,0.09484763047390522,0.05540191961607679,0.015866786642671465,0.0033858828234353128,0.0007805238952209558,0.00019700059988002398,2.0795840831833635e-06
182	3602787057	5000.0	0.001	0.00222	0.183113	0.05847090581883623,0.21876856628674266,0.2762645870825835,0.22499652069586082,0.1351362527494501,0.04664191161767647,0.02501775644871026,0.011001719656068786,0.0033442911417716457,0.0003292941411717656,2.7754449110177964e-05,4.399120175964807e-07
194	1856021274	5000.0	0.001	0.00222	0.033062	0.25609114177164566,0.22554769046190762,0.21301423715256948,0.15081587682463507,0.09247286542691462,0.04129586082783443,0.014264827034593081,0.005423395320935813,0.0009695660867826435,0.00010417916416716656,3.5992801439712056e-07
193	741770008	5000.0	0.001	0.00222	-0.062146	0.1732368726254749,0.25970505898820234,0.2503375324935013,0.1620858228354329,0.08881703659268146,0.05038872225554889,0.013216636672665467,0.0020356728654269147,0.00017620475904819036,4.399120175964807e-07
196	1456915236	5000.0	0.001	0.00222	-0.147342	0.12870825834833033,0.23115484903019395,0.20796656668666266,0.199824075184963,0.12691353729254148,0.06291721655668867,0.025090781843631275,0.011613397320535892,0.003967606478704259,0.001652389522095581,0.0001863627274545091,4.9590081983603276e-06
195	1164665632	5000.0	0.001	0.00222	-0.032447	0.03455632873425315,0.18850589882023594,0.28179796040791844,0.23293501299740052,0.15979492101579684,0.059166646670665866,0.023884143171365727,0.01502359528094381,0.00391501699660068,0.00036396720655868827,5.414917016596681e-05,2.359528094381124e-06
197	834515753	5000.0	0.001	0.00222	0.231758	0.08988310337932413,0.25051573685262946,0.29738008398320337,0.21149202159568087,0.09719864027194561,0.03770461907618476,0.010645230953809239,0.004197080583883224,0.0007135772845430914,0.0001892021595680864,8.014397120575885e-05,5.598880223955209e-07
203	4183356243	5000.0	0.001	0.00222	0.251723	0.06759620075984803,0.20385362927414516,0.30839240151969605,0.2297386922615477,0.09833909218156368,0.05968214357128574,0.024367006598680265,0.005040231953609278,0.0024957008598280343,0.0004818236352729454,1.287742451509698e-05,1.9996000799840033e-07
201	2209798991	5000.0	0.001	0.00222	0.113747	0.01522375524895021,0.19849602079584083,0.2949144971005799,0.2538528694261148,0.13875628874225154,0.0524120775844831,0.03127874425114977,0.011101779644071186,0.0035041791641671665,0.00044263147370525896,1.7156568686262747e-05
205	330523486	5000.0	0.001	0.00222	0.098747	0.09365626874625076,0.25210717856428716,0.27171557688462306,0.20075284943011398,0.11223039392121575,0.046783363327334536,0.016265746850629873,0.005595240951809638,0.0008167166566686663,7.518496300739852e-05,1.4797040591881624e-06
189	396532496	5000.0	0.001	0.00222	0.199753	0.054473305338932215,0.190726374725055,0.21159668066386722,0.24070929814037192,0.15642943411317736,0.08048466306738652,0.04414301139772046,0.01720235952809438,0.003892221555688862,0.0003324135172965407,1.0197960407918416e-05,3.9992001599680065e-08
187	915038972	5000.0	0.001	0.00222	0.320857	0.08005018996200759,0.28953385322935415,0.2764867026594681,0.18352825434913017,0.11158432313537292,0.04537132573485303,0.010326974605078984,0.0026157968406318737,0.00029434113177364527,0.00020571885622875424,2.519496100779844e-06
206	4267586399	5000.0	0.001	0.00222	0.032322	0.06117352529494101,0.22824411117776444,0.2746660267946411,0.20664071185762847,0.12791629674065186,0.049991881623675266,0.03788662267546491,0.009730453909218156,0.003069346130773845,0.0005260147970405918,0.00015296940611877625,2.039592081583683e-06
200	1500005189	5000.0	0.001	0.00222	0.312582	0.02332637472505499,0.08322731453709258,0.235624475104979,0.26185430913817237,0.20257852429514098,0.11508466306738652,0.05656548690261948,0.015910177964407118,0.004862027594481104,0.0008069586082783443,0.00015484903019396122,4.559088182363528e-06,2.7994401119776043e-07
207	433838947	5000.0	0.001	0.00222	0.084069	0.1371115376924615,0.22200739852029594,0.2659704059188162,0.20114429114177165,0.1145508098380324,0.040287062587482506,0.014213237352529494,0.003976644671065787,0.0007198560287942411,1.843631273745251e-05,3.199360127974405e-07
198	4002272046	5000.0	0.001	0.00222	0.089586	0.1291116176764647,0.267973125374925,0.25645434913017395,0.19123559288142372,0.0926745050989802,0.04593913217356529,0.014319256148770247,0.002062627474505099,0.0001927614477104579,3.623275344931014e-05,7.598480303939212e-07,3.9992001599680065e-08
209	1911141231	5000.0	0.001	0.00222	0.236427	0.07538456308738252,0.20390633873225356,0.20734785042991402,0.23044203159368126,0.1340105178964207,0.08811533693261347,0.03915592881423715,0.016336452709458108,0.0037280543891221756,0.0009544891021795641,0.0005031793641271746,0.00011501699660067987,2.399520095980804e-07
199	1380109104	5000.0	0.001	0.00222	0.174010	0.18314745050989803,0.2599744051189762,0.2260485102979404,0.15677960407918418,0.085700899820036,0.04938676264747051,0.02299624075184963,0.013923375324935013,0.0018008398320335933,0.00023679264147170566,5.118976204759048e-06
204	1503808344	5000.0	0.001	0.00222	0.031222	0.1725386522695461,0.2605206158768246,0.2485118976204759,0.17260955808838233,0.08961691661667666,0.034725894821035795,0.013553089382123575,0.005840151969606079,0.0015066986602679463,0.0001871625674865027,0.0003768846230753849,8.718256348730255e-06,3.759248150369926e-06
214	3387704204	5000.0	0.001	0.00222	0.335795	0.06812741451709659,0.25282047590481904,0.3110247550489902,0.19936768646270747,0.10456344731053789,0.04508086382723455,0.016318216356728654,0.002425754849030194,0.00026526694661067787,6.11877624475105e-06
211	839027587	5000.0	0.001	0.00222	0.321897	0.011300899820035994,0.15926810637872427,0.31885462907418516,0.2706629874025195,0.13679252149570087,0.06128286342731454,0.03169590081983603,0.007643271345730854,0.002106858628274345,0.00011681663667266546,0.00025686862627474506,1.823635272945411e-05,3.9992001599680065e-08
213	2892817291	5000.0	0.001	0.00222	0.092651	0.17538412317536492,0.3158619876024795,0.251600199960008,0.13885642871425716,0.07098492301539693,0.03078460307938412,0.011431113777244551,0.003512377524495101,0.000782123575284943,0.0006211957608478304,0.00014577084583083382,3.515296940611878e-05
215	2285695885	5000.0	0.001	0.00222	0.097636	0.14450193961207758,0.28926066786642674,0.2647710857828434,0.17446878624275144,0.08239136172765447,0.030885142971405717,0.007522895420915817,0.004516656668666266,0.001159248150369926,0.0005118976204759048,1.0197960407918416e-05,1.199760047990402e-07
212	1576364935	5000.0	0.001	0.00222	0.000991	0.21827290541891622,0.28302027594481105,0.22398528294341133,0.14824647070585883,0.08212969406118777,0.032393281343731255,0.008756008798240351,0.0028452709458108376,0.00030665866826634674,4.367126574685063e-05,4.799040191961608e-07
202	3057232722	5000.0	0.001	0.00222	0.380992	0.025222995400919816,0.07675784843031394,0.23280887822435514,0.29333349330133973,0.23390517896420715,0.09746910617876425,0.03106730653869226,0.008222795440911817,0.0010738252349530093,0.00013713257348530293,1.4397120575884822e-06
210	1836344177	5000.0	0.001	0.00222	0.157533	0.017590641871625675,0.18402827434513097,0.28296836632673467,0.25546810637872425,0.13327746450709857,0.0704,0.03209058188362328,0.013351649670065987,0.007156528694261147,0.003107898420315937,0.0004844631073785243,7.466506698660268e-05,1.3597280543891223e-06
221	3288507295	5000.0	0.001	0.00222	0.135455	0.09021167766446711,0.3068835432913417,0.2855145370925815,0.17669634073185364,0.0902619476104779,0.038599480103979206,0.008272785442911417,0.0024559488102379526,0.0008519096180763848,0.00025078984203159366,1.0397920415916818e-06
218	1276001175	5000.0	0.001	0.00222	0.129328	0.12162127574485103,0.24520095980803838,0.23574117176564688,0.19781651669666067,0.11228190361927615,0.05483011397720456,0.022718336332733454,0.004204159168166367,0.003840871825634873,0.0016239152169566086,0.00011761647670465907,3.119376124775045e-06,3.9992001599680065e-08
208	945447786	5000.0	0.001	0.00222	0.021747	0.10306986602679465,0.15902799440111978,0.2335401719656069,0.2599348530293941,0.13243967206558688,0.07567050589882024,0.02169022195560888,0.008971885622875425,0.003638872225554889,0.0018389522095580884,0.00010657868426314737,6.834633073385323e-05,2.0795840831833635e-06
216	1024437137	5000.0	0.001	0.00222	0.021115	0.13712021595680865,0.23492877424515096,0.2729564087182563,0.18300339932013598,0.10616736652669466,0.049099660067986405,0.011210557888422316,0.0049009398120375925,0.0005034193161367726,0.00010225954809038193,6.9986002799440115e-06
217	880591764	5000.0	0.001	0.00222	0.123922	0.10325358928214357,0.2118760647870426,0.2798468706258748,0.221276224755049,0.12312661467706458,0.03477876424715057,0.017339132173565287,0.006989202159568086,0.001241991601679664,0.0002646670665866827,6.878624275144971e-06
223	515629988	5000.0	0.001	0.00222	-0.006244	0.19174745050989803,0.30936092781443714,0.212124175164967,0.14090801839632072,0.06183491301739652,0.044496020795840835,0.028938932213557287,0.009485262947410518,0.0009337332533493301,5.002999400119976e-05,0.00011985602879424115,6.798640271945611e-07
224	139629482	5000.0	0.001	0.00222	0.228246	0.09715360927814437,0.326175724855029,0.2866107178564287,0.16553257348530295,0.08917752449510098,0.025976724655068985,0.006741571685662868,0.002411517696460708,0.00021379724055188963,6.23875224955009e-06
225	3966921644	5000.0	0.001	0.00222	0.121762	0.15344923015396922,0.3065521295740852,0.2395126974605079,0.1669241351729654,0.07827194561087783,0.042478384323135374,0.009482783443311337,0.002998840231953609,0.0002734653069386123,5.626874625074985e-05,1.199760047990402e-07
222	4039252898	5000.0	0.001	0.00222	0.156554	0.11223291341731653,0.2267727654469106,0.26792061587682464,0.20407870425914817,0.12326398720255949,0.047248270345930814,0.01178872225554889,0.005583203359328134,0.001045630873825235,6.494701059788043e-05,2.399520095980804e-07
230	3913116611	5000.0	0.001	0.00222	-0.002768	0.2303118976204759,0.26780679864027196,0.2115270945810838,0.15484835032993402,0.09174661067786442,0.03010893821235753,0.009382683463307338,0.0027504499100179966,0.001189362127574485,0.00030997800439912015,1.775644871025795e-05,7.998400319936013e-08
227	3049235382	5000.0	0.001	0.00222	0.147294	0.1192247550489902,0.14812769446110777,0.244024075184963,0.23520099980004,0.15640511897620477,0.06873013397320536,0.01908250349930014,0.004991321735652869,0.0037649270145970804,0.0004176764647070586,3.0433913217356527e-05,3.5992801439712056e-07
232	2492498902	5000.0	0.001	0.00222	0.375523	0.02484223155368926,0.14779372125574886,0.2775240951809638,0.2535112577484503,0.17043307338532293,0.0755121775644871,0.034263507298540295,0.013733293341331734,0.0022660667866426713,0.00011917616476704659,1.3997200559888023e-06
228	3988839353	5000.0	0.001	0.00222	0.457036	0.0693002599480104,0.19903583283343332,0.25574213157368525,0.24764059188162368,0.14774093181363726,0.058730813837232554,0.013899020195960808,0.005176444711057789,0.0019335732853429314,0.0005672865426914617,0.0001871625674865027,3.775244951009798e-05,8.198360327934413e-06
226	2366458803	5000.0	0.001	0.00222	0.251295	0.11357052589482104,0.27965506898620274,0.3103640071985603,0.1731006598680264,0.07711605678864226,0.03491977604479104,0.008458828234353129,0.0025594481103779244,0.0002506698660267946,4.919016196760648e-06,3.9992001599680065e-08
220	986549148	5000.0	0.001	0.00222	0.349602	0.05524371125774845,0.2600632673465307,0.30897808438312335,0.22051753649270145,0.10191105778844231,0.03850669866026794,0.012587042591481704,0.0020447110577884423,0.00012449510097980405,2.3195360927814438e-05,1.9996000799840033e-07
231	781704132	5000.0	0.001	0.00222	0.071062	0.20710377924415116,0.31168290341931615,0.25395680863827236,0.13629598080383923,0.05961799640071985,0.02068038392321536,0.007837152569486102,0.0025612077584483105,0.00026010797840431913,3.679264147170566e-06
229	4047039425	5000.0	0.001	0.00222	0.075361	0.18708166366726656,0.32321911617676463,0.23009910017996402,0.13716716656668665,0.06902383523295341,0.03552673465306939,0.012806638672265547,0.004286782643471306,0.0007719256148770246,1.6956608678264348e-05,7.998400319936013e-08
219	3345367960	5000.0	0.001	0.00222	-0.025565	0.21479476104779044,0.2915001799640072,0.24119132173565286,0.13090825834833034,0.06457680463907219,0.0395122975404919,0.012867386522695461,0.003949250149970006,0.0006866626674665066,1.3037392521495702e-05,3.9992001599680065e-08
234	731984861	5000.0	0.001	0.00222	0.236460	0.09061395720855829,0.2214520695860828,0.24801855628874225,0.2059389722055589,0.13377828434313138,0.05920759848030394,0.028422915416916616,0.009754449110177964,0.0017113377324535094,0.0010015996800639873,9.71005798840232e-05,3.1593681263747252e-06
236	796068844	5000.0	0.001	0.00222	0.008347	0.1407623275344931,0.256148850229954,0.26351905618876226,0.18325622875424916,0.10150657868426315,0.038469346130773845,0.011576684663067386,0.004064587082583483,0.000583003399320136,9.622075584883023e-05,1.6956608678264348e-05,1.5996800639872026e-07
235	685872101	5000.0	0.001	0.00222	0.304219	0.011004319136172766,0.12990497900419917,0.2785426114777045,0.25756664667066587,0.2040751849630074,0.0850997400519896,0.022162287542491502,0.010384483103379324,0.0011784443111377725,8.006398720255948e-05,1.2397520495900819e-06
238	969251823	5000.0	0.001	0.00222	0.143069	0.10702067586482704,0.2968015596880624,0.23581963607278544,0.17215848830233954,0.10126982603479304,0.055977844431113775,0.023226754649070185,0.004067546490701859,0.0012348330333933214,0.000690621875624875,0.0012431513697260547,0.00041751649670065987,6.582683463307339e-05,5.438912217556489e-06,2.7994401119776043e-07
242	3705732104	5000.0	0.001	0.00222	0.336462	0.09094081183763247,0.18108454309138172,0.260154849030194,0.20560147970405918,0.1535248150369926,0.07010321935612877,0.027013317336532693,0.008353089382123575,0.0022782643471305737,0.0006583483303339332,0.0002837832433513297,3.4793041391721655e-06
241	2579518469	5000.0	0.001	0.00222	0.154677	0.016236992601479705,0.20289174165166968,0.28826394721055787,0.256776724655069,0.14444403119376126,0.0612245950809838,0.02380991801639672,0.005191561687662468,0.0009178164367126575,0.00023859228154369126,4.079184163167366e-06
233	4284521434	5000.0	0.001	0.00222	0.186416	0.026886542691461707,0.1803732453509298,0.3022502299540092,0.2844467906418716,0.13525370925814836,0.04629834033193361,0.015830233953209358,0.007465586882623475,0.0011307338532293542,5.01499700059988e-05,1.3997200559888023e-05,4.399120175964807e-07
240	612748292	5000.0	0.001	0.00222	0.101544	0.14681619676064786,0.29417884423115376,0.2767443711257748,0.18191625674865028,0.06825358928214358,0.018799000199960007,0.010230753849230154,0.0028991801639672065,0.00016052789442111577,1.279744051189762e-06
244	345345035	5000.0	0.001	0.00222	0.271070	0.07641787642471505,0.26484115176964607,0.3034255148970206,0.19842031593681264,0.08699164167166566,0.04136392721455709,0.013008638272345531,0.008527174565086983,0.002020835832833433,0.0039454109178164365,0.0009343331333733254,0.00010209958008398321,1.0797840431913617e-06
245	2319614991	5000.0	0.001	0.00222	0.095290	0.2155754449110178,0.28781619676064785,0.23959540091981604,0.15704251149770046,0.0659124575084983,0.020740331933613278,0.007567406518696261,0.0019960807838432315,0.0013179364127174566,0.0015041791641671666,0.0006097180563887222,0.00031345730853829236,8.838232353529294e-06,3.9992001599680065e-08
243	3006163976	5000.0	0.001	0.00222	0.289947	0.06793885222955409,0.22572173565286943,0.2786870625874825,0.21221847630473906,0.11708162367526495,0.058254429114177164,0.030913097380523894,0.0074686662667466505,0.0013864027194561087,0.00013469306138772245,0.0001604479104179164,3.407318536292742e-05,4.399120175964807e-07
247	4081818648	5000.0	0.001	0.00222	0.189579	0.05032229554089182,0.1850102779444111,0.2810358328334333,0.23396804639072186,0.13380455908818237,0.07554053189362128,0.02767866426714657,0.00992889422115577,0.0021846830633873225,0.00036000799840031996,0.00013993201359728056,2.6274745050989802e-05
246	3945057297	5000.0	0.001	0.00222	-0.001361	0.16002139572085583,0.27455752849430115,0.27151913617276546,0.18756916616676664,0.0733870025994801,0.022280383923215356,0.007214917016596681,0.0028495900819836034,0.0003624875024995001,0.00021359728054389123,2.463507298540292e-05,1.5996800639872026e-07
239	2744185843	5000.0	0.001	0.00222	0.248343	0.02037100579884023,0.22169794041191762,0.329550449910018,0.2629748050389922,0.10645194961007798,0.04053961207758448,0.010350409918016397,0.006976684663067387,0.0010638272345530895,2.2115576884623077e-05,9.998000399920016e-07,1.9996000799840033e-07
251	706528298	5000.0	0.001	0.00222	-0.084641	0.18157832433513296,0.26241731653669265,0.24605498900219955,0.18429458108378324,0.08446514697060588,0.026739132173565286,0.010501099780043991,0.0031472905418916215,0.0002759848030393921,0.0002445510897820436,5.258948210357928e-05,5.2789442111577686e-05,0.00017544491101779643,7.598480303939212e-07
237	2123836396	5000.0	0.001	0.00222	0.272501	0.06777356528694262,0.24332033593281344,0.3042357128574285,0.21560643871225754,0.1154756648670266,0.038121135772845434,0.01254261147770446,0.002076744651069786,0.0007190561887622475,0.00012253549290141972,6.19876024795041e-06
254	2529549362	5000.0	0.001	0.00222	-0.064581	0.15234497100579883,0.21028638272345532,0.2629738052389522,0.15593153369326135,0.13548142371525695,0.05560219956008798,0.0214876224755049,0.004459468106378724,0.0012916616676664668,0.0001400519896020796,8.798240351929614e-07
253	206717995	5000.0	0.001	0.00222	-0.184711	0.09125526894621076,0.23281519696060787,0.20355600879824035,0.17506354729054188,0.155147050589882,0.09147794441111777,0.03578140371925615,0.01169622075584883,0.002572845430913817,0.0005920415916816637,4.211157768446311e-05,3.5992801439712056e-07
250	2110688296	5000.0	0.001	0.00222	0.225714	0.1824842231553689,0.32445442911417716,0.23067302539492102,0.13939556088782243,0.07223647270545891,0.03447054589082184,0.010554649070185962,0.005170125974805039,0.0005095380923815237,4.239152169566087e-05,9.038192361527695e-06
256	1877107766	5000.0	0.001	0.00222	0.219348	0.13965606878624276,0.29436848630273943,0.3011407318536293,0.17513093381323735,0.06690381923615277,0.016709378124375125,0.00556004799040192,0.000515496900619876,1.4797040591881624e-05,2.399520095980804e-07
257	2618129470	5000.0	0.001	0.00222	0.068386	0.22006574685062988,0.22604063187362528,0.2400743451309738,0.1682631473705259,0.08294181163767246,0.04223983203359328,0.013179324135172966,0.005146370725854829,0.0018543091381723654,0.0001348130373925215,5.91881623675265e-05,4.799040191961608e-07
258	4102411327	5000.0	0.001	0.00222	0.198732	0.12351601679664068,0.26360443911217757,0.24790453909218158,0.16652169566086783,0.12635364927014597,0.047544331133773245,0.014022835432913418,0.0059480503899220155,0.0038367926414717055,0.0006593081383723256,7.60247950409918e-05,8.758248350329933e-06,3.5592881423715255e-06
248	3822892057	5000.0	0.001	0.00222	0.091698	0.1661260947810438,0.3102111177764447,0.24937980403919216,0.167124375124975,0.07234449110177964,0.0240999400119976,0.008360247950409919,0.0019510497900419915,0.00032265546890621874,5.4189162167566484e-05,2.6034793041391723e-05
260	3539106886	5000.0	0.001	0.00222	0.112494	0.2475884823035393,0.2976944611077784,0.22443159368126375,0.1387753649270146,0.06123027394521096,0.0227499300139972,0.005032873425314937,0.0021694861027794442,0.0001813237352529494,3.819236152769446e-05,8.446310737852429e-05,2.3555288942211558e-05
252	289602602	5000.0	0.001	0.00222	0.225533	0.039317056588682266,0.23283235352929413,0.2829367326534693,0.198899300139972,0.1426625074985003,0.06249830033993201,0.02418992201559688,0.012784123175364927,0.003103379324135173,0.000699500099980004,7.634473105378924e-05,4.799040191961608e-07
249	2403961886	5000.0	0.001	0.00222	0.091538	0.16024803039392121,0.29770529894021197,0.25414257148570285,0.16186042791441713,0.07890105978804239,0.0350751049790042,0.010112337532493501,0.0018020395920815837,0.00014981003799240152,3.319336132773445e-06
267	219317336	5000.0	0.001	0.00222	-0.064369	0.22212889422115578,0.25869102179564085,0.20630977804439113,0.1585343331333733,0.07326706658668267,0.04548190361927614,0.024410957808438313,0.007876824635072985,0.002892221555688862,0.0001842031593681264,0.00022019596080783844,2.599480103979204e-06
263	3039151179	5000.0	0.001	0.00222	0.091390	0.3105685662867427,0.3151035792841432,0.21071817636472706,0.10404691061787642,0.04388254349130174,0.012241151769646071,0.0028141971605678863,0.0004898220355928814,0.00013293341331733653,2.1195760847830435e-06
266	1433029717	5000.0	0.001	0.00222	0.222996	0.043698340331933615,0.1333120575884823,0.25978640271945613,0.29274285142971407,0.17290749850029993,0.06780839832033593,0.02259012197560488,0.006653709258148371,0.00044463107378524296,5.4709058188362326e-05,1.279744051189762e-06
261	2112486473	5000.0	0.001	0.00222	0.208781	0.09101611677664467,0.3466420715856829,0.3030255148970206,0.1652373125374925,0.05577812437512498,0.027084303139372125,0.009323015396920617,0.0015497700459908019,0.0002977404519096181,4.591081783643271e-05,1.199760047990402e-07
264	376036431	5000.0	0.001	0.00222	0.126827	0.05799744051189762,0.2652923015396921,0.2875130173965207,0.18654281143771245,0.10205490901819636,0.06836204759048191,0.022960247950409917,0.005790801839632074,0.002635512897420516,0.0008086782643471306,4.0711857628474304e-05,1.5196960607878424e-06
262	2420382794	5000.0	0.001	0.00222	0.200516	0.06797956408718256,0.250051949610078,0.25776672665466904,0.19577768446310737,0.13448998200359927,0.0665993601279744,0.020853109378124374,0.00475368926214757,0.0012477904419116177,0.00028590281943611276,0.00018892221555688861,5.318936212757449e-06
259	3225091139	5000.0	0.001	0.00222	0.090973	0.09507418516296741,0.19016896620675866,0.2239374925014997,0.2128112377524495,0.1320992601479704,0.09301635672865427,0.03538404319136173,0.015726054789042192,0.0016685062987402519,0.00011189762047590482,1.999600079984003e-06
271	1025317984	5000.0	0.001	0.00222	0.111485	0.06687818436312737,0.11786838632273546,0.2566237552489502,0.24996968606278744,0.14614505098980204,0.10255416916616676,0.04028022395520896,0.014168086382723455,0.004552209558088383,0.0008628274345130974,9.446110777844431e-05,2.8794241151769645e-06,7.998400319936013e-08
273	3193691236	5000.0	0.001	0.00222	0.060664	0.10982607478504298,0.25242039592081583,0.2703232553489302,0.21175672865426914,0.09485758848230354,0.039688142371525695,0.009493141371725656,0.0033220155968806237,0.005574445110977804,0.0022633073385322933,0.00043987202559488104,3.495300939812037e-05,7.998400319936013e-08
269	790990841	5000.0	0.001	0.00222	-0.012051	0.18183583283343333,0.2485619676064787,0.24620995800839832,0.1837260147970406,0.08315344931013798,0.03980755848830234,0.00979128174365127,0.0038192761447710458,0.002159128174365127,0.0007813237352529495,0.00015192961407718456,2.279544091181764e-06
265	1561494610	5000.0	0.001	0.00222	0.325962	0.030224675064987,0.1566267946410718,0.281727374525095,0.2789375724855029,0.1601594881023795,0.05991485702859428,0.023436832633473306,0.008369486102779444,0.0005789642071585682,2.363527294541092e-05,3.199360127974405e-07
255	2766273588	5000.0	0.001	0.00222	0.102719	0.20244851029794042,0.3064502699460108,0.24192909418116376,0.12873597280543891,0.07086986602679464,0.02825498900219956,0.01207126574685063,0.007929134173165367,0.001245750849830034,6.414717056588682e-05,9.998000399920016e-07
270	3760325727	5000.0	0.001	0.00222	0.245489	0.09807934413117377,0.27496808638272346,0.2894631073785243,0.17625390921815637,0.0980388722255549,0.044182003599280144,0.014834313137372525,0.003098540291941612,0.0008670265946810637,0.00020987802439512097,4.919016196760648e-06
275	3560254567	5000.0	0.001	0.00222	0.137522	0.11845074985003,0.23367666466706657,0.25544143171365724,0.19086430713857228,0.1192635472905419,0.05228198360327935,0.022455788842231553,0.006225674865026995,0.0012520295940811838,8.290341931613677e-05,4.879024195160968e-06,3.9992001599680065e-08
272	3453017185	5000.0	0.001	0.00222	0.102825	0.1560879424115177,0.2348602679464107,0.2873746050789842,0.17909122175564887,0.07933009398120376,0.041663027394521095,0.01492133573285343,0.004240991801639672,0.0019088582283543292,0.00036716656668666264,0.00015352929414117177,9.598080383923216e-07
276	3798004841	5000.0	0.001	0.00222	0.028591	0.122525374925015,0.26290593881223756,0.23542951409718058,0.17673977204559088,0.11702403519296141,0.056961447710457906,0.02176976604679064,0.004970485902819436,0.001420235952809438,0.00023003399320135974,2.3395320935812836e-05
274	1731226726	5000.0	0.001	0.00222	0.051514	0.17874037192561487,0.26488950209958007,0.21889258148370325,0.1824895020995801,0.09508038392321536,0.03205854829034193,0.018721575684863028,0.008388682263547291,0.0007150169966006799,2.3435312937412517e-05,3.9992001599680065e-07
281	647713916	5000.0	0.001	0.00222	0.032965	0.2073143371325735,0.2757990401919616,0.2452975804839032,0.1483248950209958,0.08210789842031593,0.02742107578484303,0.007677984403119376,0.004170325934813038,0.0008670265946810637,0.0009165366926614677,0.00010197960407918417,1.319736052789442e-06
268	646292573	5000.0	0.001	0.00222	0.166909	0.136799600079984,0.29640799840031995,0.26869650069986,0.16198232353529293,0.07708010397920416,0.03995428914217156,0.014514697060587882,0.00375752849430114,0.000729254149170166,6.226754649070186e-05,1.4117176564687063e-05,1.319736052789442e-06
282	790365312	5000.0	0.001	0.00222	-0.010430	0.0007490501899620076,0.18673221355728853,0.2589481303739252,0.23343191361727655,0.14440667866426715,0.10653213357328534,0.046409278144371124,0.014387842431513698,0.006985882823435313,0.0012311937612477504,0.00017528494301139773,1.0397920415916817e-05
283	2412158083	5000.0	0.001	0.00222	0.224298	0.07801995600879824,0.27708178364327135,0.30392577484503097,0.18353477304539093,0.10031005798840233,0.04001859628074385,0.012472345530893821,0.003503339332133573,0.0005868026394721056,0.0005426514697060588,3.919216156768646e-06
284	577780870	5000.0	0.001	0.00222	0.261601	0.0638492301539692,0.2619156968606279,0.22226486702659468,0.22863223355328935,0.13529414117176564,0.06299164167166567,0.016521175764847032,0.004910257948410318,0.002530573885222955,0.0010018396320735853,7.630473905218956e-05,1.20375924815037e-05
287	1933565082	5000.0	0.001	0.00222	0.389108	0.01594125174965007,0.1410995400919816,0.3017605278944211,0.2537736852629474,0.15096872625474905,0.08777104579084183,0.03996552689462107,0.0077932813437312535,0.000879384123175365,4.671065786842631e-05,3.199360127974405e-07
277	55950443	5000.0	0.001	0.00222	0.123851	0.14947846430713857,0.29523047390521895,0.2873641671665667,0.14597928414317138,0.06466682663467306,0.027617316536692662,0.02120495900819836,0.0071571685662867425,0.0009869626074785042,0.0002958608278344331,1.851629674065187e-05
286	1047323798	5000.0	0.001	0.00222	0.116647	0.1440366326734653,0.23291649670065986,0.31253961207758446,0.17715628874225156,0.09755828834233153,0.024234513097380523,0.009402279544091181,0.0018930213957208558,0.00023347330533893222,2.9234153169366125e-05,1.5996800639872026e-07
279	635712634	5000.0	0.001	0.00222	-0.037302	0.21605862827434513,0.26504347130573885,0.2382619076184763,0.15302999400119977,0.08439136172765446,0.027488462307538493,0.010274545090981803,0.0022925814837032594,0.002805118976204759,0.000337252549490102,1.6516696660667867e-05,1.5996800639872026e-07
288	2193331355	5000.0	0.001	0.00222	0.113339	0.11130277944411118,0.2188356728654269,0.30384483103379323,0.19831145770845832,0.10335364927014597,0.05218384323135373,0.00984759048190362,0.0019804039192161567,0.00033453309338132375,5.238952209558089e-06
278	112415856	5000.0	0.001	0.00222	0.042701	0.15021435712857428,0.23461647670465907,0.25103235352929415,0.16975780843831234,0.12652321535692862,0.045080983803239355,0.01678472305538892,0.004656948610277945,0.0012161967606478703,0.0001159368126374725,9.998000399920016e-07
289	2873089183	5000.0	0.001	0.00222	-0.001377	0.11961955608878225,0.19939552089582083,0.2759633273345331,0.20879180163967206,0.110300099980004,0.057575604879024196,0.018717216556688662,0.007262987402519496,0.0018374325134973006,0.0005105778844231154,2.5874825034993e-05
291	1507087536	5000.0	0.001	0.00222	0.063436	0.008377684463107379,0.2532092781443711,0.3245349730053989,0.22411953609278146,0.11820187962407519,0.047653309338132374,0.018196800639872026,0.0042444711057788445,0.0009758448310337932,0.00045182963407318534,3.4393121375724854e-05
292	2111788211	5000.0	0.001	0.00222	0.074738	0.09894105178964208,0.23198192361527695,0.23104939012197562,0.23454061187762448,0.11960923815236953,0.046863507298540295,0.02534129174165167,0.00943619276144771,0.0018767046590681864,0.00035416916616676664,5.878824235152969e-06,3.9992001599680065e-08
294	720803002	5000.0	0.001	0.00222	0.228339	0.08408410317936413,0.26626738652269544,0.2567846430713857,0.17800879824035193,0.1059126174765047,0.06685606878624276,0.024453109378124376,0.014657828434313137,0.0024249950009998,0.0005350929814037193,1.5356928614277145e-05
295	4233651391	5000.0	0.001	0.00222	0.025881	0.2233876024795041,0.2982459108178364,0.23442283543291342,0.14991721655668866,0.06107810437912418,0.022474225154969007,0.008991801639672066,0.0010927814437112578,0.00010697860427914417,0.000280623875224955,1.919616076784643e-06
298	1500351686	5000.0	0.001	0.00222	0.516220	0.03389102179564087,0.27425326934613076,0.33614585082983406,0.22764519096180763,0.0863744451109778,0.03006722655468906,0.009838472305538892,0.0016251549690061988,0.00015772845430913818,1.6396720655868826e-06
296	1748896960	5000.0	0.001	0.00222	0.108224	0.12597676464707058,0.279052549490102,0.26544311137772447,0.1856628274345131,0.0832873425314937,0.03703483303339332,0.015129054189162168,0.004792921415716856,0.0031356128774245153,0.0004189162167566487,6.482703459308138e-05,1.2397520495900819e-06
299	25914569	5000.0	0.001	0.00222	0.206344	0.10692873425314937,0.27564407118576284,0.28826758648270345,0.17330705858828235,0.09880595880823835,0.040209078184363124,0.013681583683263348,0.0027216556688662266,0.0003857628474305139,4.8110377924415116e-05,3.9992001599680065e-07
280	1899797627	5000.0	0.001	0.00222	0.143437	0.13189442111577684,0.24606842631473705,0.25020627874425116,0.19986602679464108,0.09516088782243551,0.050607878424315134,0.016573125374925016,0.006495900819836033,0.002754369126174765,0.0003602879424115177,1.239752049590082e-05
285	139105419	5000.0	0.001	0.00222	0.034188	0.12006038792241552,0.21443007398520295,0.28148166366726657,0.22141739652069586,0.09422935412917416,0.040031833633273346,0.015660827834433115,0.00594125174965007,0.0026197960407918414,0.0030411517696460706,0.0006109578084383124,0.0004621875624875025,1.0477904419116177e-05,2.639472105578884e-06
300	2805146835	5000.0	0.001	0.00222	0.189450	0.13344583083383324,0.2844954209158168,0.2375732453509298,0.18165662867426516,0.09132629474105179,0.03770369926014797,0.0180623475304939,0.010496620675864828,0.003408638272345531,0.0015512097580483903,0.00027022595480903817,9.798040391921616e-06,3.9992001599680065e-08
293	1253020851	5000.0	0.001	0.00222	0.220907	0.06433157368526295,0.19386038792241553,0.276847350529894,0.22447054589082183,0.14946558688262349,0.06046538692261548,0.023334133173365326,0.005430233953209358,0.0016498300339932014,0.0001440111977604479,9.598080383923216e-07
301	2585349333	5000.0	0.001	0.00222	0.274880	0.06867086582683463,0.253428674265147,0.28903375324935016,0.19086034793041393,0.0997248150369926,0.05610505898820236,0.022765566886622676,0.014914137172565487,0.003223915216956609,0.0009226154769046191,0.0001614877024595081,0.00018588282343531294,2.8794241151769645e-06
290	2541397153	5000.0	0.001	0.00222	0.077750	0.19151733653269346,0.26883455308938214,0.25958468306338733,0.15119612077584482,0.08015760847830435,0.03531117776444711,0.009427314537092581,0.003210477904419116,0.0005301739652069586,0.00019304139172165568,3.75124975004999e-05
307	3696190704	5000.0	0.001	0.00222	0.047752	0.1730967806438712,0.30662027594481106,0.26263935212957407,0.12931981603679263,0.07715772845430914,0.029501459708058387,0.010047350529894021,0.008223915216956609,0.0030367926414717056,0.0003390121975604879,1.743651269746051e-05,7.998400319936013e-08
308	989021429	5000.0	0.001	0.00222	0.186367	0.14149558088382325,0.30496376724655067,0.24700235952809438,0.1871998400319936,0.07914561087782443,0.028129654069186164,0.009909058188362328,0.0019994401119776046,0.00015112977404519096,3.5592881423715255e-06
309	1081955574	5000.0	0.001	0.00222	0.144943	0.09496104779044191,0.21767838432313538,0.25272157568486303,0.21589462107578483,0.13241079784043192,0.06265598880223955,0.019853869226154768,0.0034991801639672067,0.00025842831433713255,6.606678664267147e-05,3.9992001599680065e-08
304	3430096108	5000.0	0.001	0.00222	0.266815	0.051125494901019794,0.3007352929414117,0.34090501899620074,0.18073309338132373,0.07951105778844231,0.03190225954809038,0.010983803239352129,0.002153369326134773,0.0015325334933013396,0.00033549290141971606,7.7624475104979e-05,4.9590081983603276e-06
310	71357689	5000.0	0.001	0.00222	0.204335	0.1139864427114577,0.251049350129974,0.28531193761247753,0.18088454309138172,0.08949830033993202,0.040054309138172366,0.021907058588282343,0.011413917216556688,0.004321455708858228,0.0014943011397720457,7.754449110177965e-05,8.398320335932813e-07
312	1543134461	5000.0	0.001	0.00222	0.146639	0.10659828034393122,0.24789310137972406,0.2761011797640472,0.20042811437712457,0.10889118176364727,0.04368966206758648,0.013812197560487903,0.0022254749050189962,0.00032765446910617874,3.087382523495301e-05,2.279544091181764e-06
313	355249411	5000.0	0.001	0.00222	0.131209	0.16682099580083984,0.23107314537092583,0.2676856628674265,0.18792957408518296,0.10156484703059387,0.03346650669866027,0.0078017196560687865,0.003101739652069586,0.00041355728854229157,0.0001291741651669666,1.3037392521495702e-05,3.9992001599680065e-08
297	805340357	5000.0	0.001	0.00222	0.092553	0.1525478104379124,0.24025922815436912,0.27746994601079783,0.1911644471105779,0.08300995800839832,0.036836952609478106,0.013911337732453509,0.004363567286542691,0.0003533293341331734,8.294341131773646e-05,4.799040191961608e-07
305	2161306860	5000.0	0.001	0.00222	0.466220	0.01280615876824635,0.1162741851629674,0.28374061187762445,0.2873890821835633,0.18417020595880823,0.08251521695660868,0.023447830433913217,0.008044551089782043,0.0014071985602879425,0.00014953009398120375,5.3829234153169363e-05,1.5996800639872026e-06
303	4154848479	5000.0	0.001	0.00222	0.245042	0.04012853429314137,0.2398628674265147,0.3543012597480504,0.23242979404119177,0.0870612277544491,0.033165686862627476,0.010244111177764447,0.0026412717456508698,0.000163127374525095,2.1195760847830435e-06
315	1884808463	5000.0	0.001	0.00222	0.186421	0.2052865426914617,0.35293881223755247,0.24119332133573285,0.11595776844631074,0.051105698860227956,0.01743247350529894,0.008553049390121976,0.0046391521695660866,0.002705218956208758,0.00018708258348330335,8.398320335932813e-07,3.9992001599680065e-08
314	128912649	5000.0	0.001	0.00222	0.345693	0.0779495300939812,0.30883063387322535,0.29084615076984605,0.17960363927214557,0.08241451709658068,0.033403039392121574,0.01266990601879624,0.006387002599480104,0.0035285342931413717,0.003592281543691262,0.0007349730053989202,3.9072185562887425e-05,7.198560287942411e-07
311	1747326203	5000.0	0.001	0.00222	0.049048	0.15006694661067788,0.22571353729254148,0.2769872425514897,0.19838092381523695,0.09665766846630675,0.04047990401919616,0.009863307338532294,0.0013832433513297341,0.00042955408918216357,3.759248150369926e-05,7.998400319936013e-08
317	1630713117	5000.0	0.001	0.00222	0.189885	0.11873461307738452,0.27657872425514896,0.2551005398920216,0.1677522095580884,0.09922759448110378,0.060199400119976,0.016114257148570284,0.005274905018996201,0.0008175164967006599,0.00019068186362727454,8.718256348730255e-06,8.398320335932813e-07
306	3319672048	5000.0	0.001	0.00222	0.165444	0.10200775844831034,0.3325043391321736,0.2539484903019396,0.1752617876424715,0.08503043391321735,0.03783439312137572,0.010102179564087183,0.0027464507098580284,0.000523495300939812,4.047190561887622e-05,1.9996000799840033e-07
321	529165625	5000.0	0.001	0.00222	0.210412	0.08610845830833833,0.261299300139972,0.27438968206358727,0.18893393321335733,0.1206761847630474,0.04275892821435713,0.016411677664467106,0.006722095580883824,0.002583363327334533,0.00011589682063587283,4.799040191961608e-07
323	1690694969	5000.0	0.001	0.00222	0.118425	0.07464095180963808,0.28930237952409515,0.2874027594481104,0.19764655068986203,0.10312841431713657,0.03773553289342132,0.008800199960007998,0.001158608278344331,0.00017444511097780443,9.958008398320336e-06,1.9996000799840033e-07
325	28273985	5000.0	0.001	0.00222	0.231220	0.12960959808038391,0.28475676864627075,0.2665127774445111,0.1677384523095381,0.09722063587282544,0.04140599880023995,0.01004747050589882,0.00236372725454909,0.0003241751649670066,2.0355928814237152e-05,3.9992001599680065e-08
326	214097221	5000.0	0.001	0.00222	0.031240	0.09436700659868026,0.2315658468306339,0.3034000399920016,0.20716296740651868,0.10432781443711257,0.04312637472505499,0.01093001399720056,0.004539532093581284,0.0005397720455908819,4.0631873625274944e-05
318	2297543968	5000.0	0.001	0.00222	0.166298	0.1201247350529894,0.2611478904219156,0.2858469906018796,0.17496920615876824,0.08998216356728654,0.03140475904819036,0.02087730453909218,0.0075745250949810035,0.005851989602079584,0.001902259548090382,0.0003098580283943211,8.318336332733454e-06
302	880721115	5000.0	0.001	0.00222	0.008213	0.09313901219756049,0.25605570885822837,0.2521652869426115,0.21580863827234553,0.114924775044991,0.04862271545690862,0.016451949610077985,0.002384483103379324,0.0004166766646670666,3.075384923015397e-05
319	718411047	5000.0	0.001	0.00222	0.283017	0.054539852029594084,0.25143347330533894,0.25288574285142973,0.18512841431713659,0.13846758648270346,0.07392945410917816,0.029733373325334933,0.01079876024795041,0.0025770445910817835,0.000471625674865027,3.423315336932613e-05,4.399120175964807e-07
327	2379928903	5000.0	0.001	0.00222	0.217648	0.018819756048790243,0.23459572085582883,0.3166752649470106,0.20760303939212157,0.11342355528894221,0.056889022195560884,0.027098060387922417,0.017379244151169766,0.0052799440111977606,0.001236872625474905,0.0009324535092981404,6.674665066986602e-05,3.199360127974405e-07
330	2890736979	5000.0	0.001	0.00222	0.167615	0.15224423115376925,0.386551649670066,0.2432363527294541,0.11278444311137772,0.05992293541291742,0.031469026194761045,0.009736972605478905,0.0034625074985003,0.0003809238152369526,0.00019948010397920416,1.1477704459108178e-05
329	2023830864	5000.0	0.001	0.00222	0.157329	0.10388798240351929,0.21473261347730455,0.24518276344731055,0.20204307138572286,0.1377011797640472,0.06447886422715457,0.02289598080383923,0.006536092781443711,0.0012783043391321736,0.001133493301339732,0.0001279744051189762,8.798240351929614e-07,7.998400319936013e-07
331	829904212	5000.0	0.001	0.00222	0.106549	0.08848198360327934,0.20471901619676064,0.23210357928414316,0.22905390921815638,0.1479126574685063,0.06180511897620476,0.024444151169766046,0.008410597880423915,0.00261623675264947,0.00044463107378524296,8.118376324735054e-06
316	664882447	5000.0	0.001	0.00222	0.171888	0.14201511697660468,0.26596132773445313,0.27663315336932615,0.18936412717456508,0.08664755048990203,0.029835752849430113,0.00736624675064987,0.001878624275144971,0.00025510897820435913,4.239152169566087e-05,5.99880023995201e-07
332	2422549845	5000.0	0.001	0.00222	0.126925	0.10017820435912818,0.18281859628074384,0.29214173165366925,0.24082275544891021,0.12143267346530694,0.04029378124375125,0.015975084983003398,0.00539500099980004,0.0008340331933613277,0.00010205958808238352,6.07878424315137e-06
333	3327833430	5000.0	0.001	0.00222	0.054603	0.09086698660267946,0.3387848830233953,0.27839756048790243,0.180950649870026,0.07472353529294141,0.02570649870025995,0.008730853829234154,0.0016258348330333934,0.00010889822035592882,9.786042791441712e-05,6.43871225754849e-06
324	2443636030	5000.0	0.001	0.00222	0.101758	0.0219374925014997,0.19165374925014997,0.26320671865626877,0.23862063587282545,0.15909434113177365,0.08029478104379124,0.032471425714857026,0.009439272145570885,0.002987122575484903,0.00028150369926014795,1.2797440511897621e-05,1.5996800639872026e-07
322	4004531514	5000.0	0.001	0.00222	0.346855	0.1379754849030194,0.27515748850229954,0.2926847830433913,0.17586766646670665,0.07711745650869826,0.029451709658068388,0.009758968206358729,0.0016414717056588682,0.00032373525294941013,1.5876824635072987e-05,5.358928214357128e-06
334	213992806	5000.0	0.001	0.00222	-0.029593	0.14366570685862828,0.23817072585482904,0.26875580883823236,0.1716393521295741,0.09628290341931614,0.048174925014997004,0.021886942611477705,0.008590121975604879,0.0022393121375724853,0.0005681663667266546,2.6034793041391723e-05
320	1002222893	5000.0	0.001	0.00222	0.280058	0.15940883823235352,0.24970897820435914,0.24522847430513897,0.19022955408918216,0.09711445710857829,0.042098500299940014,0.013937572485502899,0.0016279544091181764,0.0005972405518896221,4.663067386522696e-05,1.799640071985603e-06
328	1883342158	5000.0	0.001	0.00222	0.377301	0.02898964207158568,0.275223075384923,0.326624075184963,0.21165810837832433,0.10037676464707058,0.04310877824435113,0.010003279344131174,0.0034440711857628473,0.0005596880623875225,1.2277544491101779e-05,2.399520095980804e-07
337	3677648245	5000.0	0.001	0.00222	0.192583	0.07106398720255949,0.22842595480903818,0.2924755448910218,0.21551937612477504,0.12449582083583283,0.041271625674865024,0.015618396320735852,0.006968526294741052,0.0030480703859228154,0.0010550289942011597,3.747250549890022e-05,1.963607278544291e-05,5.598880223955209e-07
338	3610838393	5000.0	0.001	0.00222	0.130471	0.18244775044991002,0.24935480903819235,0.23913129374125175,0.1785593281343731,0.0763130573885223,0.045392801439712055,0.022743611277744453,0.004179084183163368,0.0012808238352329535,0.0004259548090381924,0.00017044591081783643,1.0397920415916818e-06
342	2454582683	5000.0	0.001	0.00222	0.312564	0.05143131373725255,0.17194461107778444,0.3101813237352529,0.24370241951609678,0.14160411917616478,0.05593077384523095,0.018569006198760247,0.005103219356128774,0.0013982803439312138,0.00013241351729654068,2.4795040991801638e-06,3.9992001599680065e-08
336	779928946	5000.0	0.001	0.00222	0.373226	0.06797664467106579,0.2739708458308338,0.2920026794641072,0.18425370925814838,0.12078084383123375,0.046857148570285945,0.01089010197960408,0.002612117576484703,0.0005220955808838232,0.00012793441311737653,5.838832233553289e-06,3.9992001599680065e-08
344	2745826723	5000.0	0.001	0.00222	0.166684	0.11385634873025395,0.295001199760048,0.25032957408518297,0.175471825634873,0.1003497700459908,0.041202239552089584,0.018945250949810036,0.0038488302339532094,0.0008878624275144971,0.000106498700259948,5.99880023995201e-07
346	733234602	5000.0	0.001	0.00222	0.189120	0.029817036592681465,0.23154209158168365,0.30952997400519894,0.2442478304339132,0.11168078384323135,0.045432913417316534,0.020809518096380725,0.004970845830833833,0.0018593881223755249,0.00010809838032393521,1.5196960607878424e-06
335	2216283502	5000.0	0.001	0.00222	0.332563	0.04673673265346931,0.2784887822435513,0.32311857628474305,0.1926987402519496,0.09700779844031193,0.04020231953609278,0.012481903619276145,0.0037802839432113577,0.002359008198360328,0.0029699260147970407,0.00014949010197960408,6.19876024795041e-06,2.399520095980804e-07
345	3314349479	5000.0	0.001	0.00222	0.102166	0.009612637472505499,0.2538233953209358,0.3238396720655869,0.23350429914017196,0.09889182163567287,0.053050149970006,0.018919296140771844,0.005975564887022595,0.0014572285542891422,0.0005521695660867826,0.00014881023795240952,0.00022019596080783844,4.759048190361927e-06
339	140483964	5000.0	0.001	0.00222	0.181384	0.008664707058588282,0.17857364527094582,0.3182573485302939,0.24305910817836432,0.15941791641671665,0.0643124175164967,0.019621715656868627,0.004239552089582084,0.002932773445310938,0.0008912217556488702,2.955408918216357e-05,3.9992001599680065e-08
340	4247766414	5000.0	0.001	0.00222	0.005080	0.1366891021795641,0.2608149570085983,0.2701866426714657,0.191098900219956,0.0975360927814437,0.03141579684063187,0.010263387322535494,0.001828474305138972,0.00016160767846430714,4.999000199960008e-06,3.9992001599680065e-08
348	654540206	5000.0	0.001	0.00222	0.140474	0.06367362527494501,0.2202748650269946,0.301924575084983,0.22478496300739853,0.12976500699860027,0.037482063587282545,0.019005798840231954,0.0027680863827234553,0.0002770245950809838,4.379124175164967e-05,1.9996000799840033e-07
349	2711922103	5000.0	0.001	0.00222	0.216064	0.09992733453309338,0.30898464307138573,0.30984039192161567,0.15723055388922216,0.07121675664867026,0.027650549890021997,0.016837032593481304,0.006242231553689262,0.0016365526894621075,0.00041435712857428513,1.915616876624675e-05,4.399120175964807e-07
351	926381504	5000.0	0.001	0.00222	0.073422	0.10140747850429914,0.17692069586082784,0.2370376724655069,0.19041571685662867,0.157573925214957,0.07913541291741652,0.037225274945010996,0.010428034393121375,0.007877224555088982,0.0016678264347130573,0.00020815836832633475,9.538092381523695e-05,7.198560287942412e-06
356	4134321617	5000.0	0.001	0.00222	0.073203	0.09012045590881823,0.2417374525094981,0.29824483103379323,0.20876816636672665,0.09175616876624675,0.037338652269546094,0.0214247550489902,0.009205678864227155,0.0009265746850629875,0.00043243351329734053,4.4591081783643274e-05,2.399520095980804e-07
343	2527772064	5000.0	0.001	0.00222	0.138548	0.06862903419316137,0.2543364127174565,0.27999028194361125,0.1955361327734453,0.10806594681063787,0.059470825834833034,0.02377244551089782,0.007283823235352929,0.0023698060387922415,0.0005006998600279944,4.419116176764647e-05,3.9992001599680065e-07
355	2568054224	5000.0	0.001	0.00222	0.162523	0.12046470705858828,0.28419396120775847,0.2963898020395921,0.16899152169566087,0.0721758848230354,0.031604399120175965,0.016954169166166766,0.00659372125574885,0.001849110177964407,0.00046934613077384525,0.00030321935612877423,1.0157968406318736e-05
350	3552226745	5000.0	0.001	0.00222	0.262896	0.0757112177564487,0.2526772645470906,0.31334181163767244,0.19197884423115377,0.09919456108778245,0.04491181763647271,0.010766526694661068,0.009095060987802439,0.0020311937612477503,0.0002891021795640872,2.559488102379524e-06,3.9992001599680065e-08
352	4112725443	5000.0	0.001	0.00222	0.279557	0.07415600879824036,0.2747268146370726,0.29339812037592483,0.22095288942211558,0.08990697860427914,0.03487202559488102,0.008334613077384524,0.002912137572485503,0.0006359128174365127,0.00010345930813837232,9.998000399920016e-07,3.9992001599680065e-08
341	1947784600	5000.0	0.001	0.00222	0.126884	0.03660835832833433,0.22018992201559687,0.3119120975804839,0.2266869026194761,0.11845206958608279,0.04847090581883623,0.027147170565886822,0.009361927614477105,0.0010949410117976404,7.550489902019596e-05,1.9996000799840033e-07
353	817931722	5000.0	0.001	0.00222	0.243100	0.12353081383723255,0.30604583083383324,0.2605724055188962,0.1788493901219756,0.08346454709058189,0.03523303339332134,0.010296700659868027,0.0017874425114977005,0.00021223755248950209,4.559088182363528e-06,3.039392121575685e-06
357	4067481043	5000.0	0.001	0.00222	0.097347	0.13902855428914218,0.2927144571085783,0.29545702859428113,0.16519524095180962,0.06877800439912017,0.02541351729654069,0.009725414917016596,0.001520735852829434,0.002091621675664867,7.466506698660268e-05,7.598480303939212e-07
360	3254611414	5000.0	0.001	0.00222	0.236396	0.01551761647670466,0.1728615876824635,0.3435806038792242,0.2623356128774245,0.11859596080783844,0.054235352929414116,0.0233750449910018,0.006712777444511098,0.0023920815836832635,0.0002767046590681864,0.00011497700459908018,1.5196960607878424e-06,1.5996800639872026e-07
359	404104661	5000.0	0.001	0.00222	0.039897	0.12895348930213957,0.24431377724455108,0.2855867226554689,0.19126622675464908,0.09068846230753849,0.03490881823635273,0.017923215356928614,0.004751089782043591,0.0013516496700659868,0.00024687062587482506,9.678064387122576e-06
363	3336875495	5000.0	0.001	0.00222	0.100435	0.08996848630273946,0.24115676864627075,0.24328158368326336,0.1920751449710058,0.12725306938612277,0.062293901219756045,0.021966646670665866,0.01661131773645271,0.004685222955408918,0.0006152769446110778,9.08618276344731e-05,1.7196560687862428e-06
365	4052465132	5000.0	0.001	0.00222	0.231285	0.10452101579684063,0.28545674865026993,0.31474141171765646,0.17543363327334532,0.07405934813037393,0.02717008598280344,0.0146875424915017,0.003225594881023795,0.00041235752849430113,0.0002832233553289342,9.038192361527695e-06
364	3403077098	5000.0	0.001	0.00222	0.113885	0.10551749650069986,0.3131088982203559,0.28409270145970805,0.16317288542291541,0.07726898620275945,0.03471729654069186,0.013549290141971605,0.005679904019196161,0.0019750049990002,0.0006491101779644072,0.00011085782843431313,0.00015636872625474904,1.199760047990402e-06
362	3336807904	5000.0	0.001	0.00222	-0.017435	0.20009186162767448,0.20788918216356728,0.19912097580483903,0.20010741851629674,0.1184011197760448,0.046675704859028194,0.01801119776044791,0.006705938812237552,0.0024927814437112577,0.0004789042191561688,2.4555088982203558e-05,3.5992801439712056e-07
347	2022985133	5000.0	0.001	0.00222	0.197045	0.06702559488102379,0.264603799240152,0.3050036792641472,0.20809778044391122,0.1039133373325335,0.03472217556488702,0.010822315536892621,0.002283343331333733,0.0025457308538292343,0.0006831033793241352,0.00023567286542691462,1.911617676464707e-05,4.423115376924615e-05,1.199760047990402e-07
367	3506759149	5000.0	0.001	0.00222	0.261051	0.05241999600079984,0.2080742651469706,0.3001011397720456,0.23943479304139173,0.1241992401519696,0.05433641271745651,0.016548330333933214,0.0029050989802039593,0.0017396520695860827,0.00021387722455508897,8.958208358328334e-06,1.819636072785443e-05,3.9992001599680065e-08
358	3669018069	5000.0	0.001	0.00222	0.175826	0.07725706858628274,0.2837728454309138,0.2477484903019396,0.1958854229154169,0.10137908418316337,0.06071669666066787,0.026554409118176366,0.004793401319736053,0.001767246550689862,0.00011397720455908818,1.1197760447910418e-05,1.5996800639872026e-07
354	1725738444	5000.0	0.001	0.00222	0.394824	0.05376752649470106,0.19467130573885222,0.33633561287742453,0.23648622275544892,0.11819372125574885,0.04549190161967606,0.012094021195760848,0.002792401519696061,0.00016656668666266747,7.198560287942411e-07
369	4170638849	5000.0	0.001	0.00222	0.428796	0.026090781843631273,0.20624251149770045,0.35389806038792243,0.24425058988202358,0.11457928414317137,0.04002635472905419,0.012537212557488502,0.0021900819836032795,0.00016916616676664666,1.5956808638272344e-05
371	126053899	5000.0	0.001	0.00222	-0.003424	0.21006918616276746,0.2624137172565487,0.24336744651069786,0.16042971405718856,0.08090833833233353,0.03170597880423915,0.00929754049190162,0.001597760447910418,0.00019152169566086783,1.879624075184963e-05
368	1239088639	5000.0	0.001	0.00222	0.241885	0.07608546290741852,0.26035724855028997,0.3306787042591482,0.19191897620475906,0.07684307138572286,0.03783051389722056,0.02053869226154769,0.00519000199960008,0.0005438912217556489,1.3237352529494102e-05,1.9996000799840033e-07
366	247860717	5000.0	0.001	0.00222	0.080717	0.1408863427314537,0.26544383123375326,0.23756912617476506,0.17322215556888623,0.11040531893621276,0.048253069386122775,0.019055428914217156,0.00452749450109978,0.0006140771845630873,2.2995400919816036e-05,1.5996800639872026e-07
370	1980769803	5000.0	0.001	0.00222	0.312122	0.03730837832433513,0.25123127374525095,0.3014864627074585,0.2333640471905619,0.1110872225554889,0.04707598480303939,0.014145410917816436,0.003845870825834833,0.0004461107778444311,9.198160367926415e-06,3.9992001599680065e-08
376	107607580	5000.0	0.001	0.00222	0.285613	0.04419024195160968,0.15790993801239753,0.20497788442311538,0.2661891221755649,0.2097002599480104,0.0777381323735253,0.0258623075384923,0.008183323335332933,0.0034937012597480504,0.0014443911217756449,0.0002878624275144971,2.2395520895820836e-05,4.399120175964807e-07
361	3043808734	5000.0	0.001	0.00222	0.081551	0.09294473105378924,0.2689604479104179,0.22614173165366927,0.1782489102179564,0.12514325134973006,0.0718875824835033,0.023642991401719656,0.011863947210557889,0.0011008198360327934,6.33873225354929e-05,2.1995600879824035e-06
378	112326182	5000.0	0.001	0.00222	0.292377	0.13356624675064988,0.306573925214957,0.2456009198160368,0.18852793441311738,0.0812379524095181,0.02769774045190962,0.009045990801839631,0.006702939412117577,0.0010025994801039792,4.363127374525095e-05,1.199760047990402e-07
375	4288716316	5000.0	0.001	0.00222	0.156536	0.01334249150169966,0.22544583083383324,0.31331649670065986,0.20203123375324936,0.1469738052389522,0.06959004199160168,0.02053649270145971,0.005967606478704259,0.002461347730453909,0.0002132373525294941,0.00012093581283743251,4.799040191961608e-07
380	1028593196	5000.0	0.001	0.00222	0.152878	0.1396121175764847,0.2082733053389322,0.28081927614477104,0.1864623875224955,0.10718096380723856,0.046672825434913016,0.022083343331333733,0.0072933013397320536,0.0012413517296540693,0.0003432913417316537,1.779644071185763e-05,3.9992001599680065e-08
377	993148453	5000.0	0.001	0.00222	0.122457	0.0007683263347330534,0.07387910417916417,0.24016904619076185,0.25990625874825035,0.2295373325334933,0.10000915816836632,0.06319704059188162,0.020024875024995,0.010097700459908019,0.0016882623475304938,0.0006573085382923416,6.526694661067786e-05,3.199360127974405e-07
379	2359662123	5000.0	0.001	0.00222	0.109682	0.1769876824635073,0.3530407518496301,0.2243124575084983,0.1380897820435913,0.07117748450309938,0.022335252949410116,0.008856628674265147,0.0031588082383523296,0.0015186562687462507,0.0005047790441911618,1.6836632673465307e-05,8.798240351929614e-07
381	1026117163	5000.0	0.001	0.00222	0.163899	0.16199740051989603,0.24002435512897421,0.2591542091581684,0.16593945210957808,0.08137632473505299,0.053036152769446114,0.02572385522895421,0.010976924615076985,0.0009079784043191362,0.0005937212557488502,0.0002587082583483303,1.0837832433513298e-05,7.998400319936013e-08
386	991968822	5000.0	0.001	0.00222	0.133641	0.0022900219956008797,0.080249350129974,0.3183050589882024,0.2951843631273745,0.1769504099180164,0.08886730653869226,0.027917816436712657,0.007978484303139372,0.0020097180563887224,0.00016476704659068185,8.154369126174765e-05,1.159768046390722e-06
372	4172383756	5000.0	0.001	0.00222	0.031016	0.18704339132173564,0.27496916616676664,0.2613626474705059,0.16346970605878824,0.0743619276144771,0.030420915816836633,0.0074195160967806435,0.0008903019396120776,6.226754649070186e-05,1.5996800639872026e-07
388	3551258174	5000.0	0.001	0.00222	0.132421	0.027366526694661067,0.22671673665266948,0.2643633273345331,0.199900099980004,0.14743175364927014,0.08170105978804239,0.034245950809838034,0.013212317536492702,0.003991561687662467,0.0009965206958608278,7.022595480903819e-05,3.919216156768646e-06
387	3730181691	5000.0	0.001	0.00222	0.321320	0.060858268346330735,0.2040864227154569,0.28626374725054987,0.20656496700659868,0.1475384123175365,0.06177628474305139,0.025471385722855427,0.006707018596280744,0.0006510697860427914,7.890421915616876e-05,3.5192961407718455e-06
374	37774875	5000.0	0.001	0.00222	0.161142	0.05498224355128974,0.2849620875824835,0.29075064987002597,0.18903367326534692,0.10924943011397721,0.05442919416116777,0.01283607278544291,0.003273985202959408,0.0004311137772445511,5.146970605878824e-05,7.998400319936013e-08
382	1495682606	5000.0	0.001	0.00222	0.229011	0.07981727654469106,0.2851907618476305,0.30050373925214957,0.17644195160967807,0.07962247550489902,0.03970317936412718,0.026384563087382525,0.009902619476104779,0.0018412717456508698,0.0004855828834233153,9.854029194161167e-05,7.318536292741451e-06,7.198560287942411e-07
389	2907172417	5000.0	0.001	0.00222	0.270687	0.06461107778444311,0.2824300339932014,0.3338141571685663,0.1790371525694861,0.08019728054389122,0.0432876224755049,0.01061511697660468,0.004015916816636673,0.0018625474905018997,9.314137172565486e-05,3.579284143171366e-05,1.5996800639872026e-07
390	1863030347	5000.0	0.001	0.00222	-0.069651	0.2486876224755049,0.2439754849030194,0.20832973405318936,0.14752437512497502,0.0826625474905019,0.03633149370125975,0.02112269546090782,0.007262227554489102,0.003506658668266347,0.0005066986602679464,8.822235552889422e-05,2.2395520895820834e-06
383	2950819375	5000.0	0.001	0.00222	0.128141	0.12968558288342333,0.21073209358128375,0.27805726854629076,0.2118251949610078,0.11484419116176765,0.03809178164367127,0.012064427114577085,0.004149690061987603,0.0005307738452309538,1.8996200759848032e-05
394	3552788053	5000.0	0.001	0.00222	0.159041	0.05714645070985803,0.2690695860827834,0.30247382523495303,0.19839824035192963,0.10357680463907219,0.04260635872825435,0.018938772245550888,0.006185522895420916,0.001436512697460508,0.00011897620475904818,4.8750249950009996e-05,1.9996000799840033e-07
391	3181778511	5000.0	0.001	0.00222	0.129460	0.10281567686462707,0.1682013197360528,0.21944183163367326,0.24543727254549091,0.14299216156768646,0.06330849830033994,0.036926374725054986,0.016865466906618675,0.00339628074385123,0.0005852429514097181,2.9834033193361328e-05,3.9992001599680065e-08
393	3570527828	5000.0	0.001	0.00222	0.095147	0.0693488102379524,0.2923511697660468,0.2611023395320936,0.199700099980004,0.11511569686062788,0.044134573085382926,0.013988282343531293,0.0035292941411717658,0.0007170165966806639,1.251749650069986e-05,1.9996000799840033e-07
395	2061319770	5000.0	0.001	0.00222	0.090974	0.14120399920015997,0.17717208558288342,0.2731487702459508,0.1917257348530294,0.12378040391921616,0.06225238952209558,0.025465346930613877,0.004119256148770246,0.0007268146370725854,2.8834233153369324e-05,0.00033069386122775444,4.563087382523495e-05,3.9992001599680065e-08
397	3873238631	5000.0	0.001	0.00222	0.141413	0.04934057188562287,0.13610309938012397,0.3113903219356129,0.23784443111377723,0.1634760647870426,0.07490865826834633,0.021179204159168165,0.004834513097380524,0.0008268746250749851,9.558088382323536e-05,6.798640271945611e-07
373	3918138904	5000.0	0.001	0.00222	0.348045	0.026850829834033193,0.21212845430913818,0.32941827634473103,0.25598440311937615,0.10595296940611877,0.05116044791041792,0.014525534893021396,0.0035915616876624674,0.000377124575084983,1.0317936412717456e-05,7.998400319936013e-08
398	2784616043	5000.0	0.001	0.00222	0.117894	0.12999940011997602,0.24881675664867026,0.2622193961207758,0.19892741451709658,0.10825114977004599,0.03300619876024795,0.013167726454709058,0.005072625474905019,0.0005182563487302539,2.1035792841431712e-05,3.9992001599680065e-08
384	3170407988	5000.0	0.001	0.00222	0.086069	0.16369574085182964,0.3065790041991602,0.23747626474705058,0.12940991801639673,0.08599912017596481,0.04303251349730054,0.02039756048790242,0.009092741451709659,0.00339376124775045,0.0004037992401519696,0.000264747050589882,0.0002459508098380324,8.878224355128975e-06
396	4027641447	5000.0	0.001	0.00222	0.147226	0.06632069586082784,0.21029186162767446,0.2659132973405319,0.21558128374325136,0.13794817036592683,0.06653005398920216,0.020630673865226955,0.012762967406518696,0.003681503699260148,0.00032381523695260947,1.5636872625474905e-05,3.9992001599680065e-08
400	1806534256	5000.0	0.001	0.00222	0.003810	0.0012792241551689662,0.21020259948010397,0.24283483303339332,0.2543378124375125,0.1573989202159568,0.08815628874225155,0.03290701859628074,0.008763047390521896,0.003373405318936213,0.0007390121975604879,7.838432313537292e-06
401	3885170290	5000.0	0.001	0.00222	0.064182	0.1655722855428914,0.28444243151369725,0.23872981403719257,0.18249746050789842,0.08672141571685663,0.02308110377924415,0.0065460507898420315,0.009084183163367326,0.003007718456308738,0.0003059388122375525,1.1597680463907219e-05
402	3734539892	5000.0	0.001	0.00222	-0.063933	0.260099100179964,0.2587776044791042,0.20464531093781244,0.13900747850429915,0.08527554489102179,0.03531373725254949,0.013964687062587482,0.0024280343931213757,0.0004808638272345531,7.638472305538892e-06
405	2988545670	5000.0	0.001	0.00222	0.073898	0.09662059588082383,0.22545774845030994,0.27579328134373127,0.21302999400119976,0.12534105178964208,0.047366406718656266,0.010829474105178965,0.0034060387922415516,0.000646750649870026,0.001202999400119976,0.0003022595480903819,3.3993201359728056e-06
385	1584832054	5000.0	0.001	0.00222	0.352261	0.08079240151969606,0.3292404319136173,0.33081787642471505,0.15398412317536492,0.07024559088182364,0.022094421115776846,0.009435832833433314,0.0027619676064787042,0.0005942811437712458,2.9714057188562287e-05,3.359328134373125e-06
399	3679514222	5000.0	0.001	0.00222	0.055499	0.12778912217556487,0.33304023195360927,0.2665381723655269,0.14052361527694462,0.0817128174365127,0.0334627474505099,0.012746970605878824,0.0036356728654269145,0.0003498500299940012,0.00011085782843431313,8.978204359128175e-05,1.5996800639872026e-07
409	1507536522	5000.0	0.001	0.00222	0.252002	0.08615140971805639,0.2964503099380124,0.2756553089382124,0.17859204159168166,0.1061618876224755,0.03814785042991402,0.01287386522695461,0.005104739052189562,0.000822875424915017,3.9592081583683266e-05,1.199760047990402e-07
410	1597048462	5000.0	0.001	0.00222	0.182536	0.16078484303139373,0.3158882623475305,0.2441141371725655,0.15398192361527693,0.08417924415116977,0.02869514097180564,0.009384163167366526,0.0026174365126974603,0.0003412917416516697,1.1757648470305939e-05,1.799640071985603e-06
411	2870277783	5000.0	0.001	0.00222	0.145125	0.01583879224155169,0.2086722655468906,0.2727266946610678,0.2317250549890022,0.1533880823835233,0.0732009598080384,0.028042991401719657,0.012794721055788843,0.0031442111577684464,0.00032245550889822036,0.0001199760047990402,2.2755448910217956e-05,1.0397920415916818e-06
392	3986101842	5000.0	0.001	0.00222	0.232663	0.07371877624475105,0.23353013397320535,0.25687970405918814,0.2198493101379724,0.132272625474905,0.05730657868426315,0.019606038792241553,0.00552621475704859,0.0012761847630473905,3.3913217356528696e-05,5.198960207958409e-07
408	190901899	5000.0	0.001	0.00222	0.078307	0.1182880623875225,0.22488114377124574,0.32483811237752447,0.18436816636672665,0.09173057388522296,0.04322975404919016,0.009899620075984803,0.0023634473105378926,0.00036316736652669464,3.5472905418916215e-05,2.4795040991801638e-06
412	333684375	5000.0	0.001	0.00222	0.105963	0.13474053189362128,0.24440687862427515,0.3174419516096781,0.20339268146370726,0.07224399120175964,0.022415476904619078,0.004627194561087782,0.000690741851629674,3.9872025594881026e-05,6.39872025594881e-07,3.9992001599680065e-08
406	2927351433	5000.0	0.001	0.00222	0.047469	0.16323331333733254,0.2326015196960608,0.2267764047190562,0.18096660667866427,0.11093269346130774,0.061255348930213956,0.018356688662267546,0.005080583883223355,0.0007693661267746451,2.7394521095780843e-05,7.998400319936013e-08
404	907976319	5000.0	0.001	0.00222	0.136561	0.08952233553289342,0.24122075584883024,0.27790049990001997,0.21006206758648271,0.11015156968606278,0.04807654469106179,0.01830237952409518,0.0038270745850829836,0.0007022195560887822,0.00018464307138572287,4.9750049990002e-05,1.5996800639872026e-07
414	1506735771	5000.0	0.001	0.00222	0.083013	0.09635140971805639,0.22769438112377524,0.2897112577484503,0.19999432113577284,0.11428602279544091,0.04430649870025995,0.01877736452709458,0.004464747050589882,0.001255868826234753,0.001813117376524695,0.0012422715456908617,0.00010193961207758449,7.998400319936013e-07
416	3774838427	5000.0	0.001	0.00222	0.103077	0.13684603079384122,0.3820450709858028,0.24833501299740052,0.14592045590881825,0.062216636672665464,0.017245990801839632,0.004774365126974605,0.0019473305338932215,0.0006417116576684663,2.499500099980004e-05,2.399520095980804e-06
418	3107722914	5000.0	0.001	0.00222	0.029763	0.17079768046390723,0.24749122175564886,0.24968150369926015,0.1677886822635473,0.08543183363327335,0.05726810637872425,0.016975804839032195,0.00294249150169966,0.0006169566086782644,0.0006439512097580484,0.00028518296340731853,7.658468306338732e-05
407	64048777	5000.0	0.001	0.00222	0.154084	0.07122263547290542,0.16655612877424514,0.2617089382123575,0.2756528294341132,0.14399260147970405,0.060214477104579084,0.01515124975004999,0.004315936812637472,0.0011626874625074986,2.2275544891021795e-05,2.399520095980804e-07
419	3519864485	5000.0	0.001	0.00222	0.171750	0.042592881423715256,0.2341615676864627,0.2714269546090782,0.2258273145370926,0.12148822235552889,0.07123271345730854,0.017713257348530295,0.008415716856628674,0.003450709858028394,0.0030277944411117776,0.0006240351929614077,3.8792241551689665e-05,3.9992001599680065e-08
420	1863014055	5000.0	0.001	0.00222	0.065976	0.05048138372325535,0.21488462307538492,0.27219104179164166,0.2276490301939612,0.1393383323335333,0.06764643071385723,0.021692821435712856,0.005274345130973805,0.0005759248150369926,0.0002507098580283943,1.5356928614277145e-05
417	2618797728	5000.0	0.001	0.00222	0.101512	0.13416536692661468,0.3010237552489502,0.2823000199960008,0.16358028394321136,0.08058228354329135,0.02929518096380724,0.00532125574885023,0.0024974205158968207,0.0011728454309138173,6.146770645870826e-05,1.199760047990402e-07
422	2049951403	5000.0	0.001	0.00222	0.138719	0.12513077384523094,0.3938273545290942,0.26904411117776444,0.11737264547090581,0.06090097980403919,0.020413117376524695,0.008357128574285142,0.004279184163167367,0.0006303539292141572,3.887222555488902e-05,5.478904219156169e-06
415	1796583068	5000.0	0.001	0.00222	0.207697	0.12406862627474505,0.2820803439312138,0.26799536092781445,0.18356824635072985,0.0949864027194561,0.030627194561087784,0.009441671665666866,0.005541811637672466,0.0011740851829634073,6.222755448910217e-05,0.00027750449910017995,0.00017588482303539292,6.39872025594881e-07
424	1111213746	5000.0	0.001	0.00222	0.059081	0.17122139572085582,0.2477378124375125,0.2622882623475305,0.19839356128774246,0.07843935212957409,0.025589642071585685,0.012045190961807638,0.0035856828634273146,0.000663627274545091,3.5192961407718455e-05,2.7994401119776043e-07
425	1128402611	5000.0	0.001	0.00222	0.013912	0.12796468706258748,0.2886283943211358,0.2856965406918616,0.17203467306538692,0.07620607878424315,0.029164847030593882,0.015644631073785244,0.003022875424915017,0.0007788842231553689,0.0006595880823835233,0.00019752049590081983,1.279744051189762e-06
423	273540782	5000.0	0.001	0.00222	0.173027	0.0503876824635073,0.21192885422915417,0.27331773645270946,0.23380507898420316,0.1275126574685063,0.059340571885622875,0.029190921815636872,0.010735892821435713,0.0023564487102579485,0.0009533693261347731,0.0004511097780443911,1.959608078384323e-05,7.998400319936013e-08
403	3979964023	5000.0	0.001	0.00222	0.172956	0.2120151169766047,0.28469146170765847,0.22940695860827834,0.15484467106578684,0.07053209358128375,0.030901939612077583,0.012990761847630474,0.00433373325334933,0.00024443111377724455,3.875224955008998e-05,7.998400319936013e-08
413	2779487897	5000.0	0.001	0.00222	0.213600	0.10657912417516496,0.3068458308338332,0.25808010397920417,0.18614201159768046,0.08437036592681464,0.037028474305138975,0.017140931813637274,0.0029104579084183162,0.0007106978604279144,0.0001897620475904819,2.2395520895820834e-06
429	1682437820	5000.0	0.001	0.00222	0.230845	0.09698384323135373,0.25356804639072184,0.27414069186162765,0.17959680063987202,0.10883331333733254,0.056870105978804236,0.021789842031593683,0.00547002599480104,0.0025995600879824034,0.00014549090181963608,2.279544091181764e-06
431	1102145221	5000.0	0.001	0.00222	0.228903	0.0729619276144771,0.25021431713657266,0.26566018796240753,0.21461915616876626,0.12958232353529295,0.046929294141171765,0.016649350129974004,0.0029967206558688263,0.0003795240951809638,7.198560287942412e-06
432	29220557	5000.0	0.001	0.00222	-0.001018	0.2223098980203959,0.2825396120775845,0.19216964607078585,0.16453493301339733,0.09165086982603479,0.03767138572285543,0.007988882223555288,0.0011024595080983803,3.131373725254949e-05,9.998000399920016e-07
427	3523061431	5000.0	0.001	0.00222	0.324375	0.030028274345130973,0.18432037592481504,0.24883631273745252,0.2204997800439912,0.17310869826034794,0.09149574085182964,0.036720495900819834,0.009648510297940413,0.003895980803839232,0.0014057188562287542,3.955208958208358e-05,5.598880223955209e-07
435	3154632402	5000.0	0.001	0.00222	0.025790	0.09707006598680264,0.3215503699260148,0.28940707858428316,0.1550638272345531,0.07101631673665267,0.039293501299740054,0.018840631873625276,0.006567886422715457,0.001073865226954609,0.00011565686862627474,7.998400319936013e-07
437	3406851797	5000.0	0.001	0.00222	0.277012	0.06193817236552689,0.1889764047190562,0.2950855428914217,0.22990637872425515,0.1445863627274545,0.052791001799640073,0.019620275944811038,0.005217356528694261,0.0010715856828634274,0.0005974405118976205,0.00020603879224155168,3.4393121375724856e-06
434	4013000399	5000.0	0.001	0.00222	0.024641	0.15700683863227355,0.2375874425114977,0.24535976804639073,0.17402207558488303,0.10887034593081384,0.05185562887422516,0.01748102379524095,0.005851389722055589,0.001139852029594081,0.0008030393921215757,2.2515496900619877e-05,7.998400319936013e-08
436	1442428628	5000.0	0.001	0.00222	0.382749	0.011363127374525096,0.08433469306138772,0.2293250949810038,0.33062187562487505,0.1976253549290142,0.08935860827834433,0.03302891421715657,0.010005958808238352,0.008804079184163167,0.002048270345930814,0.002360767846430714,0.0005716456708658268,0.0004554289142171566,9.350129974005199e-05,2.679464107178564e-06
428	1865334457	5000.0	0.001	0.00222	0.028718	0.29627926414717054,0.30958004399120176,0.205802399520096,0.11552641471705659,0.05323191361727655,0.014535612877424515,0.0036557088582283544,0.0007816836632673466,0.0006031993601279744,3.719256148770246e-06,3.9992001599680065e-08
433	2498823886	5000.0	0.001	0.00222	0.214777	0.07189782043591282,0.21616576684663066,0.215124175164967,0.20675820835832834,0.14065974805038992,0.0950616676664667,0.039075864827034595,0.012539532093581284,0.0024093181363727253,0.0003042591481703659,3.639272145570886e-06
438	1883055833	5000.0	0.001	0.00222	0.030399	0.1717524895020996,0.2912596680663867,0.27668178364327134,0.15262107578484302,0.06715496900619876,0.02586002799440112,0.0101501699660068,0.0023696860627874425,0.0019945610877824434,0.00012053589282143572,4.839032193561288e-06,2.8874225154969005e-05,1.319736052789442e-06
421	3177633449	5000.0	0.001	0.00222	0.442766	0.03639004199160168,0.20033573285342932,0.3335899620075985,0.23137152569486102,0.12601843631273746,0.03996148770245951,0.022996480703859228,0.007773605278944211,0.001122735452909418,0.0003774045190961808,5.9508098380323934e-05,3.079384123175365e-06
430	3560879812	5000.0	0.001	0.00222	0.291243	0.10433825234953009,0.3149073785242951,0.3021162967406519,0.1666512697460508,0.06642199560087983,0.02667602479504099,0.011526854629074185,0.00475368926214757,0.0015968806238752249,0.0009766446710657867,3.4393121375724854e-05,3.199360127974405e-07
442	1192492805	5000.0	0.001	0.00222	0.116363	0.19068082383523297,0.2291012197560488,0.2796838232353529,0.17489298140371926,0.07798584283143371,0.03463235352929414,0.010468946210757848,0.0020807838432313538,0.000276744651069786,0.00018000399920015998,1.6476704659068186e-05
440	2083028700	5000.0	0.001	0.00222	0.231423	0.15079116176764648,0.30264803039392124,0.2783893621275745,0.1584369526094781,0.07690245950809838,0.026364567086582684,0.005930493901219756,0.0004912617476504699,2.499500099980004e-05,2.0715856828634272e-05
441	2015446783	5000.0	0.001	0.00222	0.349460	0.0626121575684863,0.22641955608878225,0.29129422115576886,0.22735716856628674,0.1287379724055189,0.04258860227954409,0.014345130973805239,0.004693501299740052,0.001591001799640072,0.0003353329334133173,2.46750649870026e-05,6.798640271945611e-07
426	375557813	5000.0	0.001	0.00222	0.015107	0.10673249350129974,0.30605934813037394,0.26409270145970803,0.18551825634873026,0.07889834033193362,0.03511953609278144,0.017012757448510298,0.005316656668666267,0.0010891421715656868,0.00011933613277344531,4.01119776044791e-05,1.319736052789442e-06
439	3125790427	5000.0	0.001	0.00222	0.019631	0.2866641071785643,0.3007140571885623,0.20059620075984802,0.12927142571485703,0.05604203159368126,0.01719644071185763,0.0072423915216956606,0.0015625274945010998,0.0006375124975004999,5.7148570285942814e-05,1.6156768646270746e-05
445	2400528138	5000.0	0.001	0.00222	0.210876	0.029622875424915016,0.2553460907818436,0.3416876624675065,0.2138000399920016,0.10146866626674665,0.03549502099580084,0.01543615276944611,0.0035585682863427314,0.0028919416116776646,0.0004692261547690462,0.0002210757848430314,2.679464107178564e-06
448	1171814164	5000.0	0.001	0.00222	0.088595	0.10957900419916017,0.20825994801039793,0.27501631673665267,0.17674601079784044,0.12473877224555088,0.07148158368326335,0.022287702459508098,0.005528374325134973,0.0007795640871825635,0.004710257948410318,0.00048370325934813036,0.00038432313537292543,4.439112177564487e-06
447	2257323793	5000.0	0.001	0.00222	-0.068107	0.17153937212557488,0.31257040591881624,0.22439124175164968,0.14949406118776246,0.09649358128374325,0.030084263147370525,0.011363447310537893,0.002687622475504899,0.0002275144971005799,0.0011047790441911618,4.343131373725255e-05,2.7994401119776043e-07
451	634621727	5000.0	0.001	0.00222	0.066825	0.12886902619476104,0.32326722655468904,0.28538124375124974,0.16215168966206758,0.07528046390721856,0.02155136972605479,0.003124735052989402,0.0003202159568086383,5.186962607478504e-05,2.1595680863827235e-06
452	1297755941	5000.0	0.001	0.00222	0.158897	0.13879252149570087,0.24186338732253548,0.20500795840831834,0.19992169566086782,0.13036404719056188,0.060430473905218954,0.017740371925614878,0.005055908818236352,0.0008065586882623475,1.7076584683063386e-05
454	270364457	5000.0	0.001	0.00222	-0.056255	4.399120175964807e-07,0.15549698060387923,0.23786462707458508,0.25309334133173367,0.21761955608878225,0.0832747850429914,0.0380370725854829,0.011676984603079385,0.0025082183563287343,0.00036116776644671064,6.662667466506699e-05,1.9996000799840033e-07
453	3248488233	5000.0	0.001	0.00222	0.095116	0.09266482703459308,0.2352867026594681,0.26552053589282143,0.23863491301739653,0.10939900019996,0.03724347130573885,0.01725966806638672,0.0037046990601879624,0.0002580283943211358,2.8074385122975403e-05,0.0,7.998400319936013e-08
449	780822292	5000.0	0.001	0.00222	0.133122	0.07271861627674465,0.2055390921815637,0.2955890821835633,0.23381959608078384,0.1336004399120176,0.04377780443911218,0.011099340131973605,0.0022164367126574686,0.0013069386122775445,0.00031785642871425717,1.3477304539092181e-05,1.319736052789442e-06
455	2273283885	5000.0	0.001	0.00222	0.202353	0.08747246550689862,0.25860887822435513,0.2918473105378924,0.18762807438512297,0.09915472905418916,0.05046570685862827,0.017517016596680663,0.004929614077184563,0.0021506898620275946,0.00013469306138772245,9.006198760247951e-05,7.598480303939212e-07
460	209512248	5000.0	0.001	0.00222	-0.084999	0.23031937612477504,0.2642626674665067,0.21847150569886023,0.1620135972805439,0.08599648070385923,0.030735492901419716,0.005778964207158568,0.0009339332133573285,0.0013305738852229553,0.00015700859828034393,3.9992001599680065e-07
458	2730278707	5000.0	0.001	0.00222	0.118904	0.11813861227754449,0.30313841231753647,0.2444776644671066,0.17950569886022796,0.09032357528494302,0.0377126174765047,0.018787922415516897,0.0072860227954409116,0.000619876024795041,9.558088382323535e-06,3.9992001599680065e-08
443	3483092744	5000.0	0.001	0.00222	0.195162	0.10284815036992602,0.28325990801839634,0.2277007798440312,0.19443599280143972,0.1279250549890022,0.04449194161167767,0.013059388122375525,0.004600439912017596,0.001484743051389722,0.00019064187162567487,2.959408118376325e-06
459	3012400951	5000.0	0.001	0.00222	0.295913	0.029104019196160767,0.14140387922415518,0.24822855428914217,0.2830942211557688,0.17889270145970806,0.08152621475704859,0.029103059388122375,0.007029554089182164,0.0009362127574485103,0.000650629874025195,3.095380923815237e-05
446	519173900	5000.0	0.001	0.00222	0.266786	0.08178500299940011,0.2882594281143771,0.2544853429314137,0.19428518296340733,0.11557000599880024,0.04058588282343531,0.02190249950009998,0.0027223355328934214,0.00038300339932013596,2.0875824835032994e-05,4.399120175964807e-07
444	2413856522	5000.0	0.001	0.00222	0.185338	0.07460531893621276,0.229873625274945,0.22059652069586083,0.21670113977204558,0.1453372125574885,0.07315564887022595,0.0299872825434913,0.008361727654469107,0.0010493101379724055,0.0003256148770245951,6.518696260747851e-06,7.998400319936013e-08
463	18480959	5000.0	0.001	0.00222	0.258389	0.04955588882223555,0.16225846830633872,0.3109724055188962,0.2386895020995801,0.1510595080983803,0.06132601479704059,0.022414677064587083,0.0033145770845830836,0.0004019196160767846,6.43871225754849e-06,5.99880023995201e-07
466	896089927	5000.0	0.001	0.00222	-0.008488	0.007868626274745051,0.2559132573485303,0.2913765646870626,0.21877040591881625,0.13545606878624275,0.05392117576484703,0.02700355928814237,0.0062304739052189565,0.003057628474305139,0.0003564887022595481,4.131173765246951e-05,4.119176164767047e-06,3.199360127974405e-07
467	4034805579	5000.0	0.001	0.00222	-0.077892	0.25003935212957407,0.23339624075184964,0.2091400919816037,0.1504497100579884,0.09546718656268746,0.043858988202359526,0.013985602879424115,0.003328094381123775,0.00030761847630473904,2.6674665066986603e-05,4.399120175964807e-07
470	265363289	5000.0	0.001	0.00222	0.318836	0.08315216956608679,0.2976234353129374,0.28596848630273947,0.18004535092981402,0.09407810437912417,0.03139152169566087,0.02302007598480304,0.004110257948410318,0.0005528894221155769,5.558888222355529e-05,2.1195760847830435e-06
468	3423926094	5000.0	0.001	0.00222	0.223007	0.18874037192561488,0.253027674465107,0.21571469706058788,0.18760639872025595,0.09173353329334133,0.03892161567686463,0.016309458108378326,0.0056999000199960004,0.0019026594681063787,0.00034045190961807636,3.079384123175365e-06,1.5996800639872026e-07
465	1882969926	5000.0	0.001	0.00222	0.199196	0.046039392121575685,0.21231573685262947,0.25163203359328135,0.25234425114977005,0.15228958208358329,0.05692745450909818,0.020413077384523096,0.005560567886422715,0.0018543091381723654,0.0005450109978004399,7.20255948810238e-05,6.55868826234753e-06
457	3542312755	5000.0	0.001	0.00222	0.241276	0.027728254349130173,0.17447134573085382,0.2449618076384723,0.26998560287942414,0.1844747450509898,0.06737088582283543,0.024035272945410916,0.006196960607878424,0.0007212957408518296,5.366926614677065e-05,1.5996800639872026e-07
469	1456672599	5000.0	0.001	0.00222	0.017515	0.21903367326534692,0.3046255148970206,0.2729458908218356,0.12278124375124976,0.049971085782843434,0.02299512097580484,0.006765886822635473,0.0007967206558688263,8.462307538492301e-05,2.399520095980804e-07
472	181153635	5000.0	0.001	0.00222	0.257917	0.06669930013997201,0.25229418116376723,0.3072533893221356,0.22091753649270146,0.09781987602479504,0.039441711657668466,0.009387722455508899,0.0037340531893621277,0.0020499100179964007,0.00039508098380323936,7.238552289542091e-06
471	3283281755	5000.0	0.001	0.00222	0.188691	0.18456572685462908,0.3811171765646871,0.23336080783843233,0.1348613077384523,0.0439878424315137,0.017013197360527893,0.004029634073185363,0.0009777644471105778,8.470305938812238e-05,1.839632073585283e-06
456	2746644273	5000.0	0.001	0.00222	0.245715	0.014523495300939812,0.10628710257948411,0.2973000199960008,0.2655354929014197,0.19540603879224155,0.0820259148170366,0.02582871425714857,0.009768526294741052,0.0031395720855828834,0.00018304339132173565,2.0795840831833635e-06
464	2470817600	5000.0	0.001	0.00222	-0.027571	0.21234269146170767,0.24744619076184762,0.2196254349130174,0.1656495100979804,0.0917627674465107,0.04501495700859828,0.013165486902619476,0.004446950609878025,0.0005266946610677864,1.927614477104579e-05,3.9992001599680065e-08
475	86484847	5000.0	0.001	0.00222	0.023438	0.19208238352329535,0.2852884223155369,0.24779296140771845,0.13407090581883624,0.09481315736852629,0.03226754649070186,0.010890581883623275,0.0024173165366926613,0.00036464707058588285,1.199760047990402e-05,7.998400319936013e-08
450	355434270	5000.0	0.001	0.00222	0.252451	0.05655048990201959,0.23373961207758448,0.24180527894421117,0.18809282143571285,0.14999640071985604,0.08076372725454908,0.03224295140971806,0.009815836832633474,0.0062202759448110375,0.0006084783043391322,4.7110577884423116e-05,0.00011537692461507698,1.6396720655868826e-06
461	2347734842	5000.0	0.001	0.00222	0.123408	0.12126046790641871,0.27297904419116176,0.2538723855228954,0.18564667066586682,0.110000799840032,0.03870601879624075,0.01464639072185563,0.002470625874825035,0.00037092581483703257,4.607078584283143e-05,5.99880023995201e-07
478	3144580999	5000.0	0.001	0.00222	0.169138	0.09404783043391322,0.24270921815636873,0.29602043591281746,0.19599464107178563,0.10825454909018196,0.042602999400119974,0.01475744851029794,0.0047272945410917816,0.0007891621675664867,9.542091581683664e-05,9.998000399920016e-07
462	2835167036	5000.0	0.001	0.00222	0.279256	0.04352973405318936,0.18260275944811039,0.2635991201759648,0.23839644071185762,0.1368978204359128,0.07088506298740252,0.04477824435112977,0.01620879824035193,0.002915296940611878,0.00016664667066586684,2.0075984803039393e-05
473	1903298407	5000.0	0.001	0.00222	-0.057702	0.23020523895220957,0.26194129174165165,0.26319520095980803,0.14203047390521895,0.06809834033193361,0.029316976604679065,0.004357048590281944,0.0005706858628274345,0.0002808638272345531,3.879224155168966e-06
479	3926843278	5000.0	0.001	0.00222	0.256269	0.030914337132573487,0.1886885022995401,0.26859432113577286,0.22177060587882425,0.14959400119976005,0.0840115976804639,0.04147782443511298,0.011819196160767846,0.002771125774845031,0.00031237752449510096,4.563087382523495e-05,4.799040191961608e-07
480	3510824849	5000.0	0.001	0.00222	0.145280	0.10112217556488702,0.20884235152969405,0.3068394321135773,0.2301256548690262,0.10638020395920816,0.036334493101379726,0.008207238552289543,0.0011122975404919016,0.0008363127374525095,8.662267546490701e-05,0.00010793841231753649,5.278944211157768e-06
482	4267587504	5000.0	0.001	0.00222	0.080537	0.001683143371325735,0.2311001399720056,0.33773045390921813,0.23946426714657068,0.1157880423915217,0.045993041391721654,0.01930501899620076,0.006953689262147571,0.0017260947810437913,0.0002372725454909018,8.598280343931213e-06,1.0237952409518097e-05
481	1787840432	5000.0	0.001	0.00222	-0.018110	0.0014347130573885223,0.1611356128774245,0.2274473105378924,0.2734124375124975,0.17031873625274946,0.10636740651869626,0.04415960807838432,0.011112937412517496,0.0039472105578884226,0.0005227354529094182,0.00012121575684863027,1.9676064787042592e-05,3.9992001599680065e-07
476	221648770	5000.0	0.001	0.00222	0.179731	0.010189442111577685,0.20400367926414717,0.26283075384923016,0.29833321335732854,0.13694429114177165,0.05984619076184763,0.020847790441911616,0.003543891221755649,0.002373285342931414,0.0008690261947610477,0.0002013997200559888,1.703659268146371e-05
485	2725199807	5000.0	0.001	0.00222	0.155527	0.10192161567686463,0.25087806438712257,0.28268106378724256,0.19559628074385124,0.08531489702059589,0.050281983603279345,0.024956728654269147,0.006498900219956008,0.001713377324535093,0.00015356928614277144,3.5192961407718455e-06
486	594370494	5000.0	0.001	0.00222	0.174983	0.0682385122975405,0.1861869226154769,0.2510004799040192,0.2307984803039392,0.16663831233753248,0.06040811837632473,0.02633509298140372,0.008511017796440711,0.0017912817436512697,9.118176364727055e-05,5.99880023995201e-07
487	3408635838	5000.0	0.001	0.00222	0.017747	0.1196991801639672,0.26663047390521893,0.2626965406918616,0.19009510097980403,0.10150957808438313,0.03788370325934813,0.01708906218756249,0.004013557288542292,0.000323255348930214,5.9228154369126175e-05,3.199360127974405e-07
489	3578050518	5000.0	0.001	0.00222	0.072780	0.18085686862627476,0.2801184163167367,0.22074089182163567,0.18320947810437913,0.083800599880024,0.0339371725654869,0.012939692061587682,0.003968606278744251,0.0003537292541491702,7.446510697860428e-05,7.998400319936013e-08
483	2381637561	5000.0	0.001	0.00222	0.032920	0.20127998400319935,0.27296924615076984,0.25292637472505497,0.1581356528694261,0.08220691861627674,0.023580843831233753,0.005787962407518496,0.002463347330533893,0.0006233153369326135,2.3115376924615077e-05,3.239352129574085e-06
490	970086365	5000.0	0.001	0.00222	0.027641	0.18040343931213756,0.24834353129374126,0.27800703859228154,0.1904729054189162,0.07247798440311938,0.02190397920415917,0.007007878424315137,0.0011486902619476105,0.00023275344931013796,1.799640071985603e-06
477	525717379	5000.0	0.001	0.00222	0.242927	0.033137252549490105,0.2633627274545091,0.30566974605078984,0.22062743451309738,0.10928054389122176,0.04938024395120976,0.014893101379724055,0.0020453109378124374,0.0012944611077784444,0.00027898420315936815,2.9714057188562287e-05,4.799040191961608e-07
474	361787241	5000.0	0.001	0.00222	-0.005520	0.22379168166366728,0.30254229154169165,0.186323375324935,0.16100867826434714,0.08331909618076384,0.029294181163767245,0.011708058388322335,0.0018772245550889822,0.0001318136372725455,3.599280143971206e-06
493	949094375	5000.0	0.001	0.00222	0.154905	0.1303754049190162,0.26847938412317535,0.24551989602079585,0.16779140171965606,0.09217732453509297,0.05699504099180164,0.027943131373725255,0.005841991601679664,0.0019098980203959208,0.0025071785642871427,0.00045066986602679466,8.678264347130574e-06
484	1756843966	5000.0	0.001	0.00222	0.043713	0.12024523095380923,0.28484351129774044,0.25595532893421313,0.16334877024595082,0.09844675064987003,0.044774165166966605,0.023110257948410318,0.006833193361327735,0.0019284543091381723,0.00045726854629074185,5.674865026994601e-05,3.199360127974405e-07
488	1625880523	5000.0	0.001	0.00222	0.082640	0.17054777044591082,0.33414569086182766,0.23219356128774246,0.13526502699460108,0.07779440111977605,0.03840247950409918,0.00909894021195761,0.0017439312137572484,0.0007632073585282943,4.155168966206759e-05,3.4393121375724856e-06
491	747616228	5000.0	0.001	0.00222	0.298966	0.13653437312537492,0.30153077384523097,0.25421883623275343,0.16574145170965807,0.090225274945011,0.03730385922815437,0.01134645070985803,0.002479624075184963,0.0005252149570085983,8.850229954009198e-05,5.6388722255548894e-06
496	1706893303	5000.0	0.001	0.00222	0.108969	0.07185218956208758,0.23617668466306738,0.24733433313337333,0.20655484903019397,0.14479024195160967,0.06635580883823235,0.01935360927814437,0.00451373725254949,0.0021054189162167565,0.0009302939412117576,3.279344131173765e-05,3.9992001599680065e-08
497	3765252089	5000.0	0.001	0.00222	0.057108	0.07566726654669066,0.23227566486702658,0.29333621275744853,0.17719540091981603,0.12452993401319735,0.06737000599880023,0.022725174965007,0.004355128974205159,0.0023363327334533094,0.00020587882423515297,2.999400119976005e-06
492	3305076710	5000.0	0.001	0.00222	0.177847	0.0279623675264947,0.12614129174165167,0.2776963407318536,0.2495754449110178,0.17555524895020996,0.09144627074585084,0.03125846830633873,0.013408678264347131,0.0054774245150969805,0.0013150569886022795,0.00016040791841631674,2.999400119976005e-06
495	1517737965	5000.0	0.001	0.00222	0.050957	0.0873496900619876,0.2698389522095581,0.2748719056188762,0.19872965406918616,0.11162003599280144,0.03536012797440512,0.018269386122775445,0.0033117376524695063,0.0005833233353329334,6.494701059788043e-05,2.399520095980804e-07
498	2137804796	5000.0	0.001	0.00222	0.127856	0.019452789442111578,0.30846718656268746,0.29276896620675863,0.21849514097180564,0.10465778844231154,0.039801959608078384,0.01156020795840832,0.003509738052389522,0.0012411917616476705,2.8954209158168366e-05,1.5996800639872025e-05,7.998400319936013e-08
499	1030488061	5000.0	0.001	0.00222	0.301271	0.041494381123775244,0.29613057388522296,0.3065402919416117,0.1815769646070786,0.11258580283943212,0.04520991801639672,0.013652029594081183,0.002328254349130174,0.0004685062987402519,1.327734453109378e-05
494	2284433387	5000.0	0.001	0.00222	-0.044331	0.1797099380123975,0.2693704459108178,0.24274325134973004,0.16882367526494702,0.08499488102379524,0.038210797840431916,0.011291581683663267,0.0038560287942411516,0.0009643271345730854,3.4393121375724854e-05,6.798640271945611e-07
